36390,AC 101 - -BU - -A,INTRODUCTION TO ACCOUNTING,"Miller, Jared",Open,35/35,MWF (12:30pm-01:40pm) H 215,4
36438,AC 101 - -BU - -B,INTRODUCTION TO ACCOUNTING,"Miller, Jared",Open,35/35,MWF (02:00pm-03:10pm) H 215,4
36391,AC 206 - -BU - -A,INTERMEDIATE ACCOUNTING II,"Riportella, Terrie",Open,35/35,TH (02:00pm-03:40pm) H 214,4
36392,AC 270 - -BU - -A,COST MANAGEMENT ACCOUNTING,"Gabriel, Jeffrey",Open,35/35,MWF (08:00am-09:10am) H 211,4
36393,AC 270 - -BU - -B,COST MANAGEMENT ACCOUNTING,"Gabriel, Jeffrey",Open,35/35,MWF (02:00pm-03:10pm) H 211,4
36394,AC 302 - -BU - -A,ADVANCED STUDIES IN TAXATION,"Miller, Jared",Open,35/35,MW (09:30am-10:50am) H 215,4
36395,AC 304 - -BU - -A,FORENSIC ACCOUNTING,"Gabriel, Jeffrey",Open,35/35,MWF (12:30pm-01:40pm) H 211,4
36396,AC 405 - -BU - -A,AUDITING,"Riportella, Terrie",Open,24/24,TH (09:15am-10:55am) H 114,4
36397,AC 471 - -BU - -A,INTERNSHIP IN ACCOUNTING,"Riportella, Terrie",Open,10-Oct,By Arrangement,4
36398,AC 474 - -BU - -A,VOLUNTEER INCOME TAX ASSISTANCE PROGRAM,"Riportella, Terrie",Open,10-Oct,MF (11:00am-12:15pm) H 108,2
36512,AN 111 - -5NCH-C-A,NCH UNDERSTANDING HUMAN CULTURES,"Wheelersburg, Robert",Open,35/35,T (09:30am-10:50am) E GAUD,4
,AN 111 - -5NCH-C-A,SEM - NCH UNDERSTANDING HUMAN CULTURES,,,,H (09:30am-10:50am) N 207,
36530,AN 111 - -5NCH-C-B,NCH UNDERSTANDING HUMAN CULTURES,"Wheelersburg, Robert",Open,35/35,T (09:30am-10:50am) E GAUD,4
,AN 111 - -5NCH-C-B,SEM - NCH UNDERSTANDING HUMAN CULTURES,,,,H (11:00am-12:00pm) N 210,
36513,AN 201 - -6NPS-C-A,NPS PRINCIPLES OF BIOLOGICAL ANTHROPOLOGY,"Newell, Elizabeth",Open,35/35,WF (12:30pm-01:50pm) N 210,4
36528,AN 342 - -SO - -A,PRIMATES (BIO 342),"Newell, Elizabeth",Open,24/24,WF (09:30am-10:50am) N 230,4
36514,AN 361 - -SO - -A,ARCHEOLOGY AND GEOGRAPHY,"Wheelersburg, Robert",Open,14/14,WF (09:30am-10:50am) W 204,4
36655,AN 363 - -SO - -A,FORENSIC ANTHROPOLOGY,"Newell, Elizabeth",Open,15/15,TH (11:00am-12:20pm) L 249,4
36515,AN 370 - -SO - -A,FORENSIC ANTHROPOLOGY II,"Staff, No",Cancelled,20/20,,4
36516,AN 471 - -SO - -A,INTERNSHIP IN ANTHROPOLOGY,"Kozimor-King, Michele Lee",Open,10-Oct,By Arrangement,4
35908,ART105 - -3CE -C-A,CE DRAWING I,"Burns, Daniel",Open,18/18,MW (06:00pm-08:00pm) ST 108,4
35909,ART105 - -3CE -C-B,CE DRAWING I,"Arnold, Kristi",Open,18/18,TH (09:30am-10:45am) ST 108,4
35910,ART105 - -3CE -C-C,CE DRAWING I,"Bye, Jeff",Open,18/18,MW (12:30pm-01:45pm) ST 108,4
35928,ART105 - -3CE -C-D,CE DRAWING I,"Arnold, Kristi",Open,18/18,MW (09:30am-10:45am) ST 108,4
35911,ART120 - -3CE -C-A,CE SCULPTURE I,"Friedly, Milton",Open,14/14,MW (09:30am-12:20pm) ST 111,4
36107,ART145 - -3CE -C-A,CE DIGITAL PHOTOGRAPHY (COM 145),"Helb, Colin",Open,16/16,MW (12:30pm-01:50pm) ST 211,4
35912,ART157 - -4WCH-C-A,WCH INTRODUCTION TO THE HISTORY OF ART II,"Ricci, Patricia",Open,35/35,TH (11:00am-12:20pm) ST 101,4
35913,ART205 - -FP - -A,PAINTING I,"Arnold, Kristi",Open,6-Jun,MW (12:30pm-01:45pm) ST 109,4
35914,ART206 - -FP - -A,CERAMICS II,"Friedly, Milton",Open,14/14,T (05:00pm-09:00pm) ST 111,4
35922,ART209 - -FP - -A,TYPOGRAPHY AND TEXT DESIGN,"Eberly, Linda",Open,15/15,MW (06:30pm-08:30pm) ST 210,4
35915,ART210 - -FP - -A,DRAWING II,"Geib, Jeffrey",Open,18/18,TH (02:00pm-03:20pm) ST 108,4
36633,ART240 - -5NCH-C-A,NCH HISTORY OF JAPANESE ART AND AESTHETICS (JA 240),"Bhattacharya, Mahua",Open,35/35,MW (12:30pm-01:40pm) H 214,4
35916,ART251 - -FP - -A,PRINTMAKING I,"Friedly, Milton",Open,10-Oct,MW (03:30pm-06:20pm) ST 110,4
35918,ART280 - -5NCH-C-A,NCH WORLD ARCHITECTURE,"Ricci, Patricia",Open,35/35,TH (12:30pm-01:45pm) ST 114,4
35919,ART305 - -FP - -A,PAINTING II,"Arnold, Kristi",Open,6-Jun,MW (12:30pm-01:45pm) ST 109,4
35930,ART325 - -FP - -A,DESIGNING FOR THE WEB AND SOCIAL MEDIA,"Staff,",Open,18/18,F (12:30pm-03:20pm) ST 210,4
35920,ART352 - -FP - -A,PRINTMAKING II,"Friedly, Milton",Open,10-Oct,MW (03:30pm-06:20pm) ST 110,4
36653,ART370 - -FP - -A,ARCHITECTURAL DESIGN THEORY,"Wunderlich, Joseph",Open,24/24,W (04:00pm-06:30pm) H 114,3
36650,ART401 - -FP - -A,ADVANCED STUDIES IN CERAMICS,"Friedly, Milton",Open,5-May,T (05:00pm-09:00pm) ST 111,4
35921,ART402 - -FP - -A,ADVANCED STUDIES IN DRAWING,"Geib, Jeffrey",Open,2-Feb,TH (02:00pm-03:20pm) ST 108,4
36654,ART403 - -FP - -A,ADVANCED STUDIES IN PAINTING,"Arnold, Kristi",Open,5-May,MW (12:30pm-01:45pm) ST 109,4
35929,ART406 - -FP - -A,ADVANCED DIGITAL ARTS,"Eberly, Linda",Open,18/18,MW (05:00pm-06:15pm) ST 210,4
35931,ART470 - -FP - -A,INTERNSHIP IN FINE ARTS,"Ricci, Patricia",Open,5-May,By Arrangement,4
35923,ART491 - -FP - -A,SENIOR EXHIBITION,"Friedly, Milton",Open,5-May,TH (09:30am-10:45am),2
35924,ART499A- -FP - -A,ARCHITECTURAL DESIGN STUDIO I (EGR 499A),"Ricci, Patricia",Open,11-Nov,W (04:00pm-05:40pm) E 273,2
35926,ART499B- -FP - -A,ARCHITECTURAL DESIGN STUDIO II EGR 499B),"Ricci, Patricia",Open,11-Nov,W (04:00pm-05:40pm) E 273,2
36292,ASL105 - -2PLO-C-A,PLO AMERICAN SIGN LANGUAGE,"Conrad, Karen",Open,24/24,M (05:00pm-08:00pm) N 127,4
36399,BA 101 - -BU - -A,BUSINESS AND SOCIETY,"Melvin, Sean",Open,35/35,TH (12:30pm-01:50pm) H 212,4
36400,BA 105 - -BU - -A,MANAGERIAL COMMUNICATION AND STUDENT CAREER PREPAREDNESS,"MacKenzie, Tina",Open,94/94,W (09:30am-10:40am) H 212,1
36403,BA 197 - -BU - -A,INTRODUCTION TO INTERNATIONAL BUSINESS,"Varamini, Hossein",Open,35/35,TH (09:15am-10:55am) H 214,4
36404,BA 215 - -BU - -A,PRINCIPLES OF MARKETING,"Staff,",Open,35/35,MW (09:30am-10:50am) H 213,4
36405,BA 248 - -BU - -A,QUANTITATIVE METHODS/OPERATIONS MANAGEMENT (EGR 248),"Angelis, John",Open,35/35,MWF (09:30am-10:40am) H 214,4
36407,BA 248 - -BU - -B,QUANTITATIVE METHODS/OPERATIONS MANAGEMENT (EGR 248),"Angelis, John",Open,24/24,MWF (12:30pm-01:40pm) H 114,4
36409,BA 257 - -BU - -A,EXPORTING AND IMPORTING,"Holobetz, Basil",Open,35/35,T (07:40am-09:15am) H 211,2
36410,BA 258 - -BU - -A,GLOBAL BUSINESS NEGOTIATIONS,"Holobetz, Basil",Open,35/35,T (09:20am-10:55am) H 211,2
36411,BA 265 - -BU - -A,MANAGEMENT AND ORGANIZATIONAL BEHAVIOR,"Angelis, John",Open,25/25,MWF (02:00pm-03:10pm) H 212,4
36412,BA 271 - -BU - -A,STRATEGIC MANAGERIAL DECISION- MAKING AND CRITICAL ANALYSIS II,"Ozkanca, Kemal",Open,20/20,01/14/2019 - 05/10/2019,2
36413,BA 271 - -BU - -B,STRATEGIC MANAGERIAL DECISION- MAKING AND CRITICAL ANALYSIS II,"Ozkanca, Kemal",Open,20/20,01/14/2019 - 05/10/2019,2
36414,BA 271 - -BU - -C,STRATEGIC MANAGERIAL DECISION- MAKING AND CRITICAL ANALYSIS II,"Ozkanca, Kemal",Open,20/20,01/14/2019 - 05/10/2019,2
36442,BA 314 - -BU - -A,SALES AND SALES MANAGEMENT,"Staff,",Open,24/24,TH (02:00pm-03:40pm) H 114,4
36419,BA 330 - -BU - -A,LEGAL ENVIRONMENT OF BUSINESS,"Melvin, Sean",Open,35/35,TH (09:20am-10:55am) H 212,4
36241,BA 347 - -BU - -A,GLOBAL SUPPLY CHAIN MANAGEMENT (EGR 347),"Traub, Tod",Open,30/30,TH (06:00pm-07:20pm) E 164,4
36421,BA 400 - -BU - -A,SENIOR PROJECT IN BUSINESS,"Varamini, Hossein",Open,5-May,By Arrangement,4
36422,BA 400 - -BU - -B,SENIOR PROJECT IN BUSINESS,"Neuhauser, Hongsong",Open,5-May,By Arrangement,4
36426,BA 473 - -BU - -A,INTERNSHIP IN BUSINESS,"Varamini, Hossein",Open,5-May,W (04:00pm-05:15pm) H 226,3
36427,BA 474 - -BU - -A,INTERNSHIP IN BUSINESS,"Varamini, Hossein",Open,8-Aug,W (04:00pm-05:15pm) H 226,4
36428,BA 475 - -BU - -A,BUSINESS CO-OPERATIVE FELLOWSHIP,"Melvin, Sean",Open,5-May,By Arrangement,0
36233,BA 490 - -BU - -A,ARTS ADMINISTRATION STRATEGY (FPA 490),"Gillis, Tamara",Open,15/15,W (09:00am-10:40am) Z 116,2
36430,BA 495 - -BU - -A,BUSINESS POLICY AND CORPORATE STRATEGY,"Sandu, Petru",Open,20/20,MW (02:00pm-03:20pm) H 213,4
36431,BA 497 - -BU - -A,INTERNATIONAL BUSINESS SEMINAR,"Varamini, Hossein",Open,24/24,TH (02:00pm-03:40pm) H 211,4
36432,BA 499 - -BU - -A,SEMINAR IN MANAGEMENT,"Ciocirlan, Cristina",Open,16/16,TH (11:00am-12:20pm) H 214,4
35934,BIO103 - -6NPS-C-A,NPS LIVING WITH THE ENVIRONMENT,"Murray, Thomas",Open,24/24,MWF (08:00am-08:50am) L 151,4
,BIO103 - -6NPS-C-A,LAB - NPS LIVING WITH THE ENVIRONMENT,,,,W (12:30pm-03:20pm) L 151,
35935,BIO111 - -BI - -A,"MOLECULES, CELLS, & ANIMAL SYSTEMS","Goldina, Anya",Open,35/35,MWF (08:00am-08:50am) L 152,4
35937,BIO111 -L-BI - -A,"MOLECULES, CELLS, & ANIMAL SYST LAB","Goldina, Anya",Open,24/24,W (12:30pm-03:20pm) L 152,
35938,BIO112 - -BI - -A,"PRINCIPLES OF EVOLUTION, ECOLOGY, AND DIVERSITY OF LIFE","Bridge, Diane",Open,40/40,MWF (12:30pm-01:20pm) E 187,4
35939,BIO112 - -BI - -B,"PRINCIPLES OF EVOLUTION, ECOLOGY, AND DIVERSITY OF LIFE","Bridge, Diane",Open,24/24,MWF (09:30am-10:20am) L 253,4
35940,BIO112 -L-BI - -A,"PRINC OF EVOL,ECOL,&DIV OF LIFE LAB","Bowne, David",Open,24/24,H (08:00am-10:50am) L 253,
35941,BIO112 -L-BI - -B,"PRINC OF EVOL,ECOL,&DIV OF LIFE LAB","Bridge, Diane",Open,24/24,H (12:30pm-03:20pm) L 253,
35942,BIO112 -L-BI - -C,"PRINC OF EVOL,ECOL,&DIV OF LIFE LAB","Bridge, Diane",Open,24/24,T (12:30pm-03:20pm) L 253,
35943,BIO202 - -BI - -A,HUMAN ANATOMY AND PHYSIOLOGY II,"Mesa Cruz, Jose",Open,45/45,MW (08:00am-09:20am) E GAUD,4
35944,BIO202 - -BI - -B,HUMAN ANATOMY AND PHYSIOLOGY II,"Goldina, Anya",Open,45/45,TH (08:00am-09:20am) E GAUD,4
35945,BIO202 -L-BI - -A,ANATOMY & PHYSIOLOGY II LAB,"Bartlett, Helen",Open,18/18,MF (09:30am-10:50am) L 249,
35946,BIO202 -L-BI - -B,ANATOMY & PHYSIOLOGY II LAB,"Goldina, Anya",Open,18/18,TH (09:30am-10:50am) L 249,
35947,BIO202 -L-BI - -C,ANATOMY & PHYSIOLOGY II LAB,"Mesa Cruz, Jose",Open,18/18,TH (12:30pm-01:50pm) L 249,
35948,BIO202 -L-BI - -D,ANATOMY & PHYSIOLOGY II LAB,"Bartlett, Helen",Open,18/18,MF (11:00am-12:20pm) L 249,
35949,BIO202 -L-BI - -E,ANATOMY & PHYSIOLOGY II LAB,"Bartlett, Helen",Open,18/18,TH (02:00pm-03:20pm) L 249,
35950,BIO212 - -BI - -A,CELL BIOLOGY,"Cavender, Jane",Open,24/24,MWF (08:00am-09:20am) L 250,3
35951,BIO212 -L-BI - -A,CELL BIOLOGY LABORATORY,"Cavender, Jane",Open,16/16,T (12:30pm-03:20pm) L 250,
35972,BIO225 - -BI - -A,GEOGRAPHIC INFORMATION SYSTEMS: FUNDAMENTALS AND APPLICATIONS,"Bowne, David",Open,35/35,TH (12:30pm-01:50pm) E 368,4
,BIO225 - -BI - -A,LAB - GEOGRAPHIC INFORMATION SYSTEMS: FUNDAMENTALS AND APPLICATIONS,,,,F (08:00am-08:50am) E 368,
35952,BIO235 - -BI - -A,GENERAL MICROBIOLOGY,"Cavender, Jane",Open,24/24,TH (08:00am-10:50am) L 150,4
35973,BIO274 - -BI - -A,BIOLOGICAL INTERNSHIP,"Cavender, Jane",Open,10-Oct,By Arrangement,0
35953,BIO322 - -BI - -A,IMMUNOLOGY,"Yorty, Jodi",Open,24/24,MF (11:00am-12:20pm) L 250,3
35954,BIO322 -L-BI - -A,IMMUNOLOGY LABORATORY,"Yorty, Jodi",Open,24/24,W (12:30pm-03:20pm) L 250,
35955,BIO324 - -BI - -A,GENERAL PHYSIOLOGY,"Mesa Cruz, Jose",Open,36/36,TH (08:00am-09:20am) H 213,3
35956,BIO324 -L-BI - -A,GENERAL PHYSIOLOGY LABORATORY,"Mesa Cruz, Jose",Open,24/24,M (12:30pm-03:20pm) L 249,
36529,BIO342 - -BI - -A,PRIMATES (AN 342),"Newell, Elizabeth",Open,24/24,WF (09:30am-10:50am) N 230,4
35975,BIO362 - -BI - -A,ECOTOXICOLOGY,"Murray, Thomas",Open,20/20,MWF (09:30am-10:20am) L 151,4
,BIO362 - -BI - -A,LAB - ECOTOXICOLOGY,,,,M (12:30pm-03:20pm) L 151,
35957,BIO412 - -BI - -A,SEMINAR IN BIOLOGY,"Bowne, David",Open,24/24,F (12:30pm-01:20pm) L 153,1
35958,BIO412 - -BI - -B,SEMINAR IN BIOLOGY,"Yorty, Jodi",Open,24/24,F (12:30pm-01:20pm) L 250,1
35959,BIO412 - -BI - -C,SEMINAR IN BIOLOGY,"Murray, Thomas",Open,24/24,F (12:30pm-01:20pm) L 151,1
35960,BIO474 - -BI - -A,INTERNSHIP IN BIOLOGICAL SCIENCES,"Cavender, Jane",Open,5-May,By Arrangement,0
35961,BIO492 - -BI - -A,RESEARCH IN BIOLOGY,"Yorty, Jodi",Open,5-May,By Arrangement,0
35962,BIO492 - -BI - -B,RESEARCH IN BIOLOGY,"Wohl, Debra",Open,5-May,By Arrangement,0
35963,BIO492 - -BI - -C,RESEARCH IN BIOLOGY,"Cavender, Jane",Open,5-May,By Arrangement,0
35964,BIO492 - -BI - -D,RESEARCH IN BIOLOGY,"Bridge, Diane",Open,5-May,By Arrangement,0
35965,BIO492 - -BI - -E,RESEARCH IN BIOLOGY,"Bowne, David",Open,5-May,By Arrangement,0
35966,BIO492 - -BI - -F,RESEARCH IN BIOLOGY,"Goldina, Anya",Open,5-May,By Arrangement,0
36584,BIO492 - -BI - -G,RESEARCH IN BIOLOGY,"Mesa Cruz, Jose",Open,5-May,By Arrangement,0
35967,BIO531 - -BI - -A,FUNDAMENTALS IN MOLECULAR MEDICINE II,"Yorty, Jodi",Open,6-Jun,,2
35968,BIO533 - -BI - -A,FUNDAMENTALS OF MOLECULAR MEDICINE V - RESEARCH DISCUSSION AND PROBLEM,"Yorty, Jodi",Open,6-Jun,,1
35969,BIO541 - -BI - -A,BACTERIA AND BACTERIAL INFECTIONS,"Yorty, Jodi",Open,6-Jun,,2
35970,BIO542 - -BI - -A,"MYCOLOGY, FUNGAL INFECTIONS AND ANTIBIOTICS","Yorty, Jodi",Open,6-Jun,,2
35971,BIO543 - -BI - -A,PARASITES AND PARASITIC INFECTIONS,"Yorty, Jodi",Open,6-Jun,,2
36387,CH 101 - -6NPS-C-A,NPS GENERAL CHEMISTRY: PRACTICAL PRINCIPLES,"Staff, No",Cancelled,24/24,,4
36388,CH 101 -L-6NPS-C-A,NPS GENERAL CHEMISTRY LABORATORY,"Staff, No",Cancelled,24/24,,
36359,CH 105 - -6NPS-C-A,NPS FUNDAMENTALS OF CHEMISTRY: INTRODUCTION TO MOLECULAR SCIENCE,"Toote, Lauren",Open,24/24,MWF (09:30am-10:30am) MU 232,4
36360,CH 105 -L-6NPS-C-A,NPS FUNDAMENTALS OF CHEMISTRY LAB MOLECULAR SCIENCE,"Toote, Lauren",Open,24/24,T (12:30pm-03:20pm) MU 108,
36361,CH 109 - -6NPS-C-A,NPS INTRODUCTION TO FORENSIC SCIENCE,"Papez, Richard",Open,35/35,MWF (12:30pm-01:45pm) TH 105,4
36362,CH 110 - -6NPS- -A,NPS FORENSIC SCIENCE LABORATORY,"Papez, Richard",Open,16/16,TH (06:00pm-08:00pm) MU 201,2
36363,CH 113 - -CH - -A,ORGANIC CHEMISTRY I,"MacKay, James",Open,30/30,MWF (08:00am-09:00am) TH 105,4
36365,CH 113 - -CH - -B,ORGANIC CHEMISTRY I,"MacKay, James",Open,30/30,MWF (09:30am-10:30am) TH 105,4
36366,CH 113 -L-CH - -A,ORGANIC CHEMISTRY I LABORATORY,"MacKay, James",Open,12-Dec,T (08:00am-10:50am) MU 105,
36368,CH 113 -L-CH - -B,ORGANIC CHEMISTRY I LABORATORY,"Hagan, Thomas",Open,12-Dec,H (08:00am-10:50am) MU 105,
36369,CH 113 -L-CH - -C,ORGANIC CHEMISTRY I LABORATORY,"Papez, Richard",Open,12-Dec,H (12:30pm-03:20pm) MU 105,
36370,CH 113 -L-CH - -D,ORGANIC CHEMISTRY I LABORATORY,"Yeagley, David",Open,12-Dec,T (12:30pm-03:20pm) MU 105,
36371,CH 113 -L-CH - -E,ORGANIC CHEMISTRY I LABORATORY,"Hagan, Thomas",Open,12-Dec,M (12:30pm-03:20pm) MU 105,
36372,CH 214 - -CH - -A,CHEMICAL INSTRUMENTATION,"Toote, Lauren",Open,24/24,TH (09:30am-10:45am) MU 232,4
36373,CH 214 -L-CH - -A,CHEMICAL INSTRUMENTATION LABORATORY,"Toote, Lauren",Open,12-Dec,H (12:30pm-04:20pm) MU 106,
36374,CH 242 - -CH - -A,PHYSICAL INORGANIC CHEMISTRY,"Rood, Jeffrey",Open,24/24,MWF (09:30am-10:20am) L 152,4
36375,CH 242L-L-CH - -A,PHYSICAL INORGANIC CHEMISTRY LAB,"Rood, Jeffrey",Open,12-Dec,M (12:30pm-03:20pm) MU 108,
36376,CH 242L-L-CH - -B,PHYSICAL INORGANIC CHEMISTRY LAB,"Rood, Jeffrey",Open,12-Dec,W (12:30pm-03:20pm) MU 108,
36377,CH 292 - -CH - -A,INDEPENDENT RESEARCH IN CHEMISTRY,"Papez, Richard",Open,5-May,By Arrangement,1
36378,CH 292 - -CH - -B,INDEPENDENT RESEARCH IN CHEMISTRY,"Rood, Jeffrey",Open,5-May,By Arrangement,1
36379,CH 292 - -CH - -C,INDEPENDENT RESEARCH IN CHEMISTRY,"Hagan, Thomas",Open,5-May,By Arrangement,1
36389,CH 324 - -CH - -A,BIOCHEMISTRY II,"Hagan, Thomas",Open,12-Dec,TH (12:30pm-01:50pm) MU 232,3
36380,CH 362 - -CH - -A,CHEMISTRY SEMINAR II,"Hoffman, Gary",Open,12-Dec,F (11:00am-12:15pm) MU 232,1
36635,CH 402 - -CH - -A,ADVANCED INORGANIC CHEMISTRY,"Rood, Jeffrey",Open,12-Dec,MWF (08:00am-08:50am) L 153,3
36381,CH 456 - -CH - -A,INTEGRATED CHEMISTRY LABORATORY II,"Hagan, Thomas",Open,12-Dec,W (12:30pm-03:20pm) MU 215,1
36382,CH 462 - -CH - -A,CHEMISTRY SEMINAR IV,"Hoffman, Gary",Open,12-Dec,F (11:00am-12:15pm) MU 232,1
36383,CH 492 - -CH - -A,RESEARCH IN CHEMISTRY,"Rood, Jeffrey",Open,5-May,By Arrangement,2
36384,CH 492 - -CH - -B,RESEARCH IN CHEMISTRY,"Toote, Lauren",Open,5-May,By Arrangement,2
36385,CH 492 - -CH - -C,RESEARCH IN CHEMISTRY,"Hagan, Thomas",Open,5-May,By Arrangement,2
36101,COM120 - -CM - -A,INTRO TO COMMUNICATION,"Poniatowski, Kelly",Open,35/35,MW (09:30am-10:50am) ST 114,4
36102,COM130 - -CM - -A,VISUAL COMMUNICATIONS,"Hughes, Katherine",Open,18/18,TH (11:00am-12:20pm) ST 210,4
36103,COM130 - -CM - -B,VISUAL COMMUNICATIONS,"Hughes, Katherine",Open,18/18,TH (02:00pm-03:20pm) ST 210,4
36106,COM145 - -3CE -C-A,CE DIGITAL PHOTOGRAPHY (ART 145),"Helb, Colin",Open,16/16,MW (12:30pm-01:50pm) ST 211,4
,COM145 - -3CE -C-A,LAB - CE DIGITAL PHOTOGRAPHY (ART 145),,,,MW (12:30pm-01:50pm) ST 210,
36678,COM170 - -CM - -A,FACE-TO-FACE COMMUNICATION IN A DIGITAL WORLD,"Gillis, Tamara",Open,20/20,W (12:30pm-01:50pm) ST 101,2
36581,COM210 - -CM - -A,PRESENTATION SKILLS,"Johnson, Kirsten",Open,18/18,TH (09:30am-10:50am) ST 211,4
36108,COM211 - -CM - -A,MULTIMEDIA JOURNALISM,"Poniatowski, Kelly",Open,18/18,TH (12:30pm-01:50pm) N 203,4
36109,COM220 - -CM - -A,AUDIO PRODUCTION,"Helb, Colin",Open,16/16,MW (09:30am-10:50am) ST 204,4
36110,COM248 - -CM - -A,COMMUNICATION LAW AND ETHICS,"Telleen, Matthew",Open,20/20,MW (09:30am-10:50am) ST 101,4
36121,COM261 - -CM - -A,FILM STUDIES,"Helb, Colin",Open,24/24,MW (02:00pm-03:20pm) ST 204,4
36122,COM314 - -CM - -A,MAGAZINE PRODUCTION,"Gillis, Tamara",Open,18/18,TH (11:00am-12:20pm) ST 204,4
36112,COM330 - -CM - -A,COMMUNICATION RESEARCH METHODS,"Telleen, Matthew",Open,16/16,MW (12:30pm-01:50pm) ST 204,4
36123,COM333 - -CM - -A,ORGANIZATIONAL COMMUNICATION,"Gillis, Tamara",Open,18/18,TH (09:30am-10:50am) ST 204,4
36114,COM358 - -CM - -A,MARKETING COMMUNICATIONS,"Telleen, Matthew",Open,18/18,T (05:30pm-08:30pm) ST 204,4
36120,COM370 - -CM - -A,"MEDIA, SPORTS, AND SOCIETY","Poniatowski, Kelly",Open,35/35,MW (11:00am-12:20pm) ST 114,4
36124,COM371 - -CM - -A,PHOTOJOURNALISM,"Hughes, Katherine",Open,16/16,MW (02:00pm-03:20pm) ST 210,4
36115,COM410 - -CM - -A,ADVANCED PRODUCTION,"Johnson, Kirsten",Open,16/16,MW (09:30am-10:50am) ST 210,4
36117,COM471 - -CM - -A,PRACTICUM,"Gillis, Tamara",Open,12-Dec,By Arrangement,1
36118,COM485 - -CM - -A,COMMUNICATIONS CAPSTONE,"Johnson, Kirsten",Open,12-Dec,TH (12:30pm-01:50pm) ST 204,4
36125,COM485 - -CM - -B,COMMUNICATIONS CAPSTONE,"Gillis, Tamara",Open,12-Dec,TH (12:30pm-01:50pm) ST 211,4
36119,COM499 - -CM - -A,HONORS IN THE DISCIPLINE II,"Johnson, Kirsten",Open,5-May,By Arrangement,2
36290,CS 113 - -6NPS-C-A,NPS THE POWER AND BEAUTY OF COMPUTING,"Gu, Ting",Open,22/22,TH (12:30pm-02:00pm) E 281,4
36273,CS 121 - -CS - -A,COMPUTER SCIENCE I,"Gu, Ting",Open,22/22,TH (09:30am-11:10am) E 281,4
36274,CS 121 - -CS - -B,COMPUTER SCIENCE I,"Li, Peilong",Open,22/22,MWF (09:30am-10:50am) N 208,4
36275,CS 122 - -CS - -A,COMPUTER SCIENCE II,"Leap, Thomas",Open,22/22,MWF (12:30pm-01:50pm) N 208,4
36276,CS 222 - -CS - -A,SYSTEMS PROGRAMMING (EGR 222),"Li, Peilong",Open,22/22,MWF (12:30pm-01:50pm) E 281,4
36278,CS 230 - -CS - -A,MICROCOMPUTER ARCHITECTURE (EGR 230),"Wunderlich, Joseph",Open,14/14,MWF (02:00pm-03:20pm) E 273,4
36279,CS 322 - -CS - -A,ALGORITHMS,"Gu, Ting",Open,22/22,TH (02:00pm-03:30pm) E 273,4
36287,CS 333 - -CS - -A,DIGITAL CIRCUITS AND COMPUTER INTERFACING (EGR 333),"Wunderlich, Joseph",Open,16/16,MF (03:30pm-05:50pm) E 273,4
36280,CS 341 - -CS - -A,SOFTWARE ENGINEERING,"Staff,",Open,22/22,TH (02:30pm-04:10pm) E 281,4
36281,CS 342 - -CS - -A,COMPUTER NETWORKING,"Leap, Thomas",Open,20/20,MWF (09:30am-10:50am) E 281,4
36282,CS 422 - -CS - -A,OPERATING SYSTEMS (EGR 422),"Leap, Thomas",Open,22/22,MWF (02:00pm-03:20pm) E 281,4
36284,CS 471 - -CS - -A,INTERNSHIP IN COMPUTING,"Leap, Thomas",Open,6-Jun,By Arrangement,4
36285,CS 490 - -CS - -A,PROJECTS IN COMPUTING,"Staff,",Open,12-Dec,By Arrangement,4
36291,CS 490 - -CS - -B,PROJECTS IN COMPUTING,"Staff,",Open,12-Dec,By Arrangement,4
36286,CS 495 - -CS - -A,HONORS PROJECTS IN COMPUTING,"Staff,",Open,5-May,By Arrangement,4
36480,CSC290 - -CSC - -A,INTRODUCTION TO COGNITIVE SCIENCE (PH 290),"Staff, No",Cancelled,35/35,,4
36648,CSC462 - -CSC - -A,COGNITIVE SCIENCE CAPSTONE,"Silberstein, Michael",Open,20/20,TH (12:30pm-01:45pm) E 187,4
36564,CW 386 - -CW - -A,"WORD, WEB, AND DESIGN","Moore, Tara",Open,16/16,W (05:00pm-08:00pm) N 203,4
35977,DA 101 - -3CE -C-A,CE INTRODUCTION TO MODERN DANCE,"Pontz, Kristin",Open,20/20,TH (10:00am-10:50am) BSC STD,2
35978,DA 103 - -3CE -C-A,CE INTRODUCTION TO JAZZ DANCE,"Pontz, Kristin",Open,20/20,TH (12:30pm-01:20pm) BSC STD,2
35979,DA 202 - -3CE -C-A,CE BALLET II,"Pontz, Kristin",Open,20/20,TH (09:00am-09:50am) BSC STD,2
36443,DAT200 - -DAT - -A,DATA ANALYTICS I,"Reddig, Nancy",Open,35/35,M (06:30pm-07:50pm) N 202,2
35903,DAT315 - -DAT - -A,MACHINE LEARNING,"McDevitt, Timothy",Open,35/35,TH (02:00pm-03:00pm) N 127,2
36444,DAT400 - -DAT - -A,DATA ANALYTICS CAPSTONE,"Krichevskiy, Dmitriy",Open,35/35,MWF (08:00am-09:20am) H 213,4
36289,DS 200 - -CS - -A,INTRODUCTION TO DATA SCIENCE,"Li, Peilong",Open,22/22,MWF (03:30pm-04:50pm) E 281,4
36433,EC 101 - -7SSC-C-A,SSC PRINCIPLES OF MACROECONOMICS,"Krichevskiy, Dmitriy",Open,35/35,MWF (12:30pm-01:40pm) H 213,4
36440,EC 101 - -7SSC-C-B,SSC PRINCIPLES OF MACROECONOMICS,"Krichevskiy, Dmitriy",Open,35/35,MWF (02:00pm-03:10pm) H 214,4
36434,EC 102 - -7SSC-C-A,SSC PRINCIPLES OF MICROECONOMICS,"Paul, Sanjay",Open,35/35,H (02:00pm-03:20pm) H 213,4
36435,EC 280 - -BU - -A,INTERNATIONAL ORGANIZATIONS SEMINAR,"Paul, Sanjay",Open,20/20,M (11:00am-12:15pm) H 213,2
36441,EC 301 - -BU - -A,INTERMEDIATE MICROECONOMICS,"Krichevskiy, Dmitriy",Open,35/35,MWF (09:30am-10:40am) H 211,4
36439,EC 309 - -BU - -A,INTRODUCTION TO MATHEMATICAL ECONOMICS,"Paul, Sanjay",Open,35/35,TH (12:30pm-01:50pm) H 213,4
36040,ED 105 - -ED - -A,FOUNDATIONS OF TEACHING AND LEARNING,"Tyminski, Carroll",Open,28/28,TH (02:00pm-03:20pm) N 106,4
36041,ED 105 -L-ED - -A,FOUNDATIONS OF TEACHING AND LEARNING LAB,"Tyminski, Carroll",Open,24/24,By Arrangement,
36043,ED 150 - -ED - -A,EARLY CHILDHOOD DEVELOPMENT,"Bellew, Wendy",Open,24/24,MW (09:30am-10:50am) N 104,4
36042,ED 150 -L-ED - -A,EARLY CHILDHOOD DEVELOPMENT LAB,"Bellew, Wendy",Open,24/24,By Arrangement,
36044,ED 151 - -ED - -A,EARLY ADOLESCENT/ADOLESCENT DEVELOPMENT,"Tyminski, Carroll",Open,28/28,TH (09:30am-10:50am) N 106,4
36045,ED 151 -L-ED - -A,EARLY ADOLESCENT/ADOLESCENT DEVELOPMENT LAB,"Tyminski, Carroll",Open,35/35,By Arrangement,
36046,ED 161 - -ED - -A,INTEGRATED TECHNOLOGY I,"Macaulay, Linda",Open,24/24,M (08:00am-09:20am) N 127,2
36047,ED 161 - -ED - -B,INTEGRATED TECHNOLOGY I,"Macaulay, Linda",Open,24/24,W (08:00am-09:20am) N 127,2
36048,ED 212 - -ED - -A,CHILDREN/ADOLESCENT LITERATURE,"Caprino, Kathryn",Open,24/24,T (08:00am-09:20am) N 104,2
36100,ED 212 - -ED - -B,CHILDREN/ADOLESCENT LITERATURE,"Caprino, Kathryn",Open,24/24,H (08:00am-09:20am) N 104,2
36049,ED 224 - -ED - -A,PA HISTORY & GOVERNMENT FOR SOCIAL STUDIES EDUCATORS (HI 224),"Finley-Bowman, Rachel",Open,24/24,MW (09:30am-10:50am) N 129,4
36051,ED 250 - -ED - -A,LANGUAGE AND LITERACY DEVELOPMENT IN EARLY CHILDHOOD,"Bellew, Wendy",Open,24/24,TH (09:30am-10:50am) N 104,4
36052,ED 250 -L-ED - -A,LANGUAGE AND LITERACY DEVELOPMENT IN EARLY CHILDHOOD LAB,"Bellew, Wendy",Open,24/24,By Arrangement,
36053,ED 258 - -ED - -A,EDUCATIONAL ASSESSMENT AND EVALUATION,"Bellew, Wendy",Open,24/24,TH (12:30pm-01:50pm) N 129,4
36054,ED 305 - -ED - -A,METHODS OF SECONDARY EDUCATION,"Skillen, Matthew",Open,24/24,TH (02:00pm-03:20pm) N 129,4
,ED 305 - -ED - -A,FWK - METHODS OF SECONDARY EDUCATION,,,,F (08:00am-04:00pm) FIELD FIELD,
36097,ED 317 - -ED - -A,ASSESSING STUDENT LITERACIES IN GRADES PK-8,"Caprino, Kathryn",Open,24/24,TH (02:00pm-03:20pm) N 104,4
36055,ED 325 - -ED - -A,METHODS FOR TEACHING SCIENCE AND HEALTH IN EARLY CHILDHOOD,"Licona, Peter",Open,12-Dec,MW (08:00am-09:20am) N 131,4
36056,ED 326 - -ED - -A,METHODS FOR TEACHING SCIENCE AND HEALTH IN ELEMENTARY/MIDDLE LEVEL,"Licona, Peter",Open,12-Dec,MW (08:00am-09:20am) N 131,4
36057,ED 335 - -ED - -A,METHODS FOR TEACHING MATHEMATICS IN EARLY CHILDHOOD,"Licona, Peter",Open,12-Dec,TF (09:30am-10:50am) N 131,4
36058,ED 336 - -ED - -A,METHODS FOR TEACHING MATHEMATICS IN ELEMENTARY/MIDDLE LEVEL,"Licona, Peter",Open,12-Dec,TF (09:30am-10:50am) N 131,4
36059,ED 341 - -ED - -A,ELL: LINGUISTIC AND CULTURAL DIVERSITY IN THE CLASSROOM,"Caprino, Kathryn",Open,24/24,TH (12:30pm-01:50pm) N 104,4
36060,ED 341 -L-ED - -A,ELL: LINGUISTIC AND CULTURAL DIVERSITY LAB,"Caprino, Kathryn",Open,24/24,,
36062,ED 345 - -ED - -A,METHODS FOR TEACHING READING AND WRITING IN EARLY CHILDHOOD,"Bellew, Wendy",Open,12-Dec,MW (12:30pm-01:50pm) N 104,4
36063,ED 346 - -ED - -A,METHODS FOR TEACHING READING AND WRITING IN ELEMENTARY/MIDDLE LEVEL,"Bellew, Wendy",Open,12-Dec,MW (12:30pm-01:50pm) N 104,4
36064,ED 360 - -ED - -A,INTEGRATED STRATEGIES FOR CREATIVE EXPRESSION IN EARLY CHILDHOOD,"Staff,",Open,24/24,W (05:00pm-08:00pm) N 104,4
36065,ED 365 - -ED - -A,METHODS FOR TEACHING SOCIAL STUDIES IN EARLY CHILDHOOD,"Finley-Bowman, Rachel",Open,12-Dec,MW (02:00pm-03:20pm) N 129,4
36066,ED 366 - -ED - -A,METHODS FOR TEACHING SOCIAL STUDIES IN ELEMENTARY/MIDDLE LEVEL,"Finley-Bowman, Rachel",Open,12-Dec,MW (02:00pm-03:20pm) N 129,4
36067,ED 400 - -ED - -A,SENIOR PROJECT IN EDUCATION,"Haley-Mize, Leigh Shannon",Open,25/25,By Arrangement,2
36068,ED 400 - -ED - -B,SENIOR PROJECT IN EDUCATION,"Finley-Bowman, Rachel",Open,25/25,By Arrangement,2
36069,ED 400 - -ED - -C,SENIOR PROJECT IN EDUCATION,"Soltys, Stephen",Open,25/25,By Arrangement,2
36074,ED 470 - -ED - -A,PROFESSIONAL INTERNSHIP: ERLY CHLD,"Haley-Mize, Leigh Shannon",Open,24/24,MTWHF (08:00am-04:00pm) I INTRN,12
36070,ED 470 - -ED - -B,PROFESSIONAL INTERNSHIP: ELEM/MDDLE,"Haley-Mize, Leigh Shannon",Open,24/24,MTWHF (08:00am-04:00pm) I INTRN,12
36071,ED 470 - -ED - -C,PROFESSIONAL INTERNSHIP: ENGLISH,"Skillen, Matthew",Open,35/35,MTWHF (08:00am-04:00pm) I INTRN,12
36078,ED 470 - -ED - -D,PROFESSIONAL INTERNSHIP: MATH,"Soltys, Stephen",Open,35/35,MTWHF (08:00am-04:00pm) I INTRN,12
36075,ED 470 - -ED - -E,PROFESSIONAL INTERNSHIP: SCIENCE,"Haley-Mize, Leigh Shannon",Open,35/35,MTWHF (08:00am-04:00pm) I INTRN,12
36076,ED 470 - -ED - -F,PROFESSIONAL INTERNSHIP: SPEC ED,"Haley-Mize, Leigh Shannon",Open,35/35,MTWHF (08:00am-04:00pm) I INTRN,12
36072,ED 470 - -ED - -G,PROFESSIONAL INTERNSHIP: SOCIAL STU,"Finley-Bowman, Rachel",Open,24/24,MTWHF (08:00am-04:00pm) I INTRN,12
36073,ED 470 - -ED - -H,PROFESSIONAL INTERNSHIP: ART,"Haley-Mize, Leigh Shannon",Open,24/24,MTWHF (08:00am-04:00pm) I INTRN,12
36077,ED 470 - -ED - -I,PROFESSIONAL INTERNSHIP: SPANISH,"Filizzi, Peggy",Open,35/35,MTWHF (08:00am-04:00pm) I INTRN,12
36079,ED 495 - -ED - -A,SENIOR SEMINAR FOR EARLY CHILDHOOD,"Frick, John",Open,9-Sep,M (05:00pm-08:00pm) N 106,4
36080,ED 496 - -ED - -A,SENIOR SEMINAR FOR ELEMENTARY/ MIDDLE LEVEL,"Frick, John",Open,9-Sep,M (05:00pm-08:00pm) N 106,4
36081,ED 497 - -ED - -A,SENIOR SEMINAR FOR SECONDARY EDUCATION,"Frick, John",Open,10-Oct,M (05:00pm-08:00pm) N 106,4
36234,EGR192 - -PY - -A,INTRODUCTION TO ENGINEERING II,"Daily, Brenda",Open,25/25,MW (01:55pm-03:35pm) E 164,2
36235,EGR192 - -PY - -B,INTRODUCTION TO ENGINEERING II,"Daily, Brenda",Open,25/25,TH (01:55pm-03:35pm) E 164,2
36277,EGR222 - -PY - -A,SYSTEMS PROGRAMMING (CS 222),"Li, Peilong",Open,22/22,MWF (12:30pm-01:50pm) E 281,4
36625,EGR230 - -PY - -A,MICROCOMPUTER ARCHITECTURE (CS 230),"Wunderlich, Joseph",Open,14/14,MWF (02:00pm-03:20pm) E 273,4
36406,EGR248 - -PY - -A,QUANTITATIVE METHODS/OPERATIONS MANAGEMENT (BA 248),"Angelis, John",Open,35/35,MWF (09:30am-10:40am) H 214,4
36408,EGR248 - -PY - -B,QUANTITATIVE METHODS/OPERATIONS MANAGEMENT (BA 248),"Angelis, John",Open,24/24,MWF (12:30pm-01:40pm) H 114,4
36236,EGR256 - -PY - -A,ENVIRONMENTAL SITE AND ENGINEERING DESIGN,"Scanlin, Michael",Open,24/24,TH (02:00pm-03:20pm) E GAUD,3
36627,EGR256 -L-PY - -A,ENVIRONMENTAL SITE ENGINEERING AND DESIGN LAB,"Batista Abreu, Jean",Open,12-Dec,F (02:00pm-04:00pm) E 164,
36237,EGR291 - -PY - -A,SOPHOMORE PROJECT,"DeGoede, Kurt",Open,35/35,By Arrangement,1
36269,EGR311 - -PY - -A,ELECTRONICS,"Estrada, Tomas",Open,18/18,MW (12:30pm-01:50pm) E 182,4
36270,EGR311 -L-PY - -A,ELECTRONICS LAB,"Estrada, Tomas",Open,18/18,F (08:00am-10:50am) E 182,
36238,EGR312 - -PY - -A,ELECTROMAGNETISM (PHY 312),"Stuckey, William",Open,20/20,TH (08:00am-09:20am) E 182,3
36288,EGR333 - -PY - -A,DIGITAL CIRCUITS AND COMPUTER INTERFACING (CS 333),"Wunderlich, Joseph",Open,16/16,MF (03:30pm-05:50pm) E 273,4
36240,EGR347 - -PY - -A,GLOBAL SUPPLY CHAIN MANAGEMENT (BA 347),"Traub, Tod",Open,30/30,TH (06:00pm-07:20pm) E 164,4
36271,EGR364 - -PY - -A,STRUCTURAL ENGINEERING,"Batista Abreu, Jean",Open,25/25,TH (12:30pm-01:50pm) E 163,3
36242,EGR368 - -PY - -A,FLUID MECHANICS AND HYDROLOGY,"Daily, Brenda",Open,25/25,MW (09:30am-10:50am) N 202,3
36243,EGR391 - -PY - -A,ENGINEERING DESIGN AND JUNIOR PROJECT,"DeGoede, Kurt",Open,5-May,F (12:30pm-01:30pm) E 164,2
36244,EGR391 - -PY - -B,ENGINEERING DESIGN AND JUNIOR PROJECT,"Batista Abreu, Jean",Open,10-Oct,F (12:30pm-01:30pm) E 164,2
36245,EGR391 - -PY - -C,ENGINEERING DESIGN AND JUNIOR PROJECT,"Estrada, Tomas",Open,5-May,F (12:30pm-01:30pm) E 164,2
36246,EGR391 - -PY - -D,ENGINEERING DESIGN AND JUNIOR PROJECT,"Daily, Brenda",Open,10-Oct,F (12:30pm-01:30pm) E 164,2
36247,EGR396 - -PY - -A,SPRING SEMINAR,"Scanlin, Michael",Open,20/20,T (04:00pm-05:00pm) E 187,1
36248,EGR410 - -PY - -A,CONTROL SYSTEMS,"Estrada, Tomas",Open,30/30,TH (09:30am-10:50am) E 380,4
36249,EGR410 -L-PY - -A,CONTROL SYSTEMS LABORATORY,"DeGoede, Kurt",Open,18/18,W (02:00pm-03:50pm) E 182,
36250,EGR410 -L-PY - -B,CONTROL SYSTEMS LABORATORY,"DeGoede, Kurt",Open,18/18,H (02:00pm-03:50pm) E 182,
36283,EGR422 - -PY - -A,OPERATING SYSTEMS (CS 422),"Leap, Thomas",Open,22/22,MWF (02:00pm-03:20pm) E 281,4
36251,EGR463 - -PY - -A,ANALYTICAL MECHANICS AND VIBRATIONS,"DeGoede, Kurt",Open,30/30,TH (11:00am-12:20pm) N 202,3
36252,EGR492 - -PY - -A,SENIOR PROJECT IN ENGINEERING II,"DeGoede, Kurt",Open,10-Oct,By Arrangement,2
36253,EGR492 - -PY - -B,SENIOR PROJECT IN ENGINEERING II,"Estrada, Tomas",Open,10-Oct,By Arrangement,2
36254,EGR492 - -PY - -C,SENIOR PROJECT IN ENGINEERING II,"Daily, Brenda",Open,5-May,By Arrangement,2
36626,EGR492 - -PY - -D,SENIOR PROJECT IN ENGINEERING II,"Wunderlich, Joseph",Open,5-May,By Arrangement,2
35925,EGR499A- -PY - -A,ARCHITECTURAL DESIGN STUDIO I (ART 499A),"Ricci, Patricia",Open,11-Nov,W (04:00pm-05:40pm) E 273,2
35927,EGR499B- -PY - -A,ARCHITECTURAL DESIGN STUDIO II (ART 499B),"Ricci, Patricia",Open,11-Nov,W (04:00pm-05:40pm) E 273,2
36531,EN 100 - -1PLE-C-A,PLE WRITING AND LANGUAGE,"Dolson, Erica",Open,18/18,MW (12:30pm-01:50pm) N 203,4
36532,EN 100 - -1PLE-C-B,PLE WRITING AND LANGUAGE,"Dolson, Erica",Open,18/18,MW (02:00pm-03:20pm) N 203,4
36533,EN 100 - -1PLE-C-C,PLE WRITING AND LANGUAGE,"Fellinger, Richard",Open,18/18,TH (12:30pm-01:50pm) N 206,4
36534,EN 100 - -1PLE-C-D,PLE WRITING AND LANGUAGE,"Kantz, Stephanie",Open,18/18,TH (02:00pm-03:20pm) N 203,4
36535,EN 100 - -1PLE-C-E,PLE WRITING AND LANGUAGE,"Kantz, Stephanie",Open,18/18,TH (03:30pm-04:50pm) N 203,4
36536,EN 100 - -1PLE-C-F,PLE WRITING AND LANGUAGE,"Biever-Grodzinski, Suzanne",Open,18/18,TH (09:30am-10:50am) N 208,4
36537,EN 100 - -1PLE-C-G,PLE WRITING AND LANGUAGE,"Biever-Grodzinski, Suzanne",Open,18/18,TH (11:00am-12:20pm) N 208,4
36565,EN 103 - -5NCH-C-A,NCH LITERARY CULTURE OF THE EAST,"Martin, Louis",Open,35/35,MF (02:00pm-03:20pm) N 232,4
36538,EN 104 - -9HUM-C-A,HUM INTRODUCTION TO LITERATURE: TRAGEDY AND CHOICE,"Adams, Kimberly",Open,32/32,TH (09:30am-10:50am) N 204,4
36539,EN 150 - -1PLE-C-A,PLE ADVANCED WRITING AND LANGUAGE,"Fellinger, Richard",Open,18/18,TH (11:00am-12:20pm) N 206,4
36588,EN 170 - -3CE - -A,CE 'CONFESSIONALISM' IN AMERICAN LITERATURE AND POP CULTURE,"Cohen, Joshua",Open,20/20,MW (03:30pm-04:50pm) N 204,4
36566,EN 171 - -7SSC- -A,SSC CLASSICAL MYTHOLOGY AND ITS SOCIAL IMPACT:PAST PRESENT & FUTURE,"Besse, Jennifer",Open,20/20,MWF (09:30am-10:50am) H 108,4
36540,EN 185 - -EN - -A,INTRODUCTION TO PROFESSIONAL WRITING,"Dolson, Erica",Open,18/18,TH (11:00am-12:20pm) N 203,4
36541,EN 200 - -EN - -A,"MAJOR BRITISH WRITERS: BRITISH LOVE LITERATURE, 1660 - TODAY","Webster Roberson, Suzanne",Open,18/18,WF (09:30am-10:50am) N 201,4
36542,EN 220 - -4WCH-C-A,WCH BRITISH LITERATURE: RENAISSANCE WOMEN & MEN,"Martin, Louis",Open,18/18,MF (11:00am-12:20pm) N 212,4
36543,EN 230 - -4WCH-C-A,WCH BRITISH ROMANTICISM 1770-1835: THE NATURE OF REVOLUTION,"Webster Roberson, Suzanne",Open,18/18,WF (12:30pm-01:50pm) N 201,4
36544,EN 240 - -4WCH-C-A,"WCH AMERICAN LITERATURE: GENDER, RACE AND MONEY","Rohrkemper, John",Open,20/20,MW (09:30am-10:50am) H 107,4
36545,EN 245 - -9HUM-C-A,HUM GROWING UP IN AMERICA,"Sarracino, Carmine",Open,18/18,TH (11:00am-12:20pm) N 201,4
36546,EN 245 - -9HUM-C-B,HUM GROWING UP IN AMERICA,"Sarracino, Carmine",Open,18/18,TH (12:30pm-01:50pm) N 201,4
36547,EN 251 - -9HUM-C-A,HUM MULTICULTURAL LITERATURE,"Rohrkemper, John",Open,20/20,TH (09:30am-10:50am) N 206,4
36548,EN 280 - -EN - -A,"CREATIVE WRITING - POETRY, PROSE","Sarracino, Carmine",Open,12-Dec,W (02:00pm-04:30pm) HL 326,4
36549,EN 281 - -3CE -C-A,CE WRITING AND ANALYZING THE SHORT STORY,"Waters, Jesse",Open,20/20,MF (02:00pm-03:20pm) H 107,4
36550,EN 281 - -3CE -C-B,CE WRITING AND ANALYZING THE SHORT STORY,"Fellinger, Richard",Open,20/20,MF (12:30pm-01:50pm) ST 101,4
36696,EN 285 - -EN - -A,BUSINESS AND PUBLIC RELATIONS WRITING,"Moore, Tara",Open,16/16,WF (12:30pm-01:50pm) N 127,4
36562,EN 288 - -3CE -C-A,CE YOUNG ADULT LITERATURE,"Moore, Tara",Open,20/20,TH (02:00pm-03:20pm) N 202,4
36563,EN 319 - -EN - -A,MYSTERIOUS & ALTERED STATES IN BRIT ROM LIT,"Webster Roberson, Suzanne",Open,18/18,WF (02:00pm-03:20pm) N 201,4
36560,EN 381 - -EN - -A,ADVANCED FICTION WRITING,"Waters, Jesse",Open,16/16,MF (11:00am-12:20pm),4
36561,EN 440 - -EN - -A,AMERICAN AUTHORS: MORRISON AND WILSON,"Rohrkemper, John",Open,15/15,TH (12:30pm-01:50pm) N 212,4
36552,EN 474 - -EN - -A,INTERNSHIP IN ENGLISH,"Skillen, Matthew",Open,5-May,By Arrangement,4
36553,EN 499 - -EN - -A,DIRECTED SENIOR RESEARCH PROJECT II,"Adams, Kimberly",Open,5-May,By Arrangement,2
36554,EN 499 - -EN - -B,DIRECTED SENIOR RESEARCH PROJECT II,"Moore, Tara",Open,5-May,By Arrangement,2
36255,ES 114 - -6NPS-C-A,"NPS GEOSYSTEMS: LANDSCAPES, OCEANS AND ATMOSPHERE","Scanlin, Michael",Open,40/40,TH (11:00am-12:20pm) E GAUD,4
36256,ES 114 -L-6NPS-C-A,NPS GEOSYSTEMS LABORATORY,"Scanlin, Michael",Open,20/20,M (11:00am-12:20pm) E 184,
36257,ES 114 -L-6NPS-C-B,NPS GEOSYSTEMS LABORATORY,"Scanlin, Michael",Open,20/20,M (12:30pm-01:50pm) E 184,
35993,ESL111 - -ML - -A,ENGLISH AS A SECOND LANGUAGE AND AMERICAN CULTURE,"Nissman-Cohen, Barbara",Open,24/24,MF (11:00am-12:20pm) H 114,4
35994,ESL112 - -ML - -A,ENGLISH AS A SECOND LANGUAGE II,"Nissman-Cohen, Barbara",Open,24/24,MF (11:00am-12:20pm) H 114,4
36420,FBE384 - -BU - -A,THE FAMILY AS ENTREPRENEUR,"Sandu, Petru",Open,25/25,T (05:00pm-07:40pm) H 213,4
36622,FBE385 - -BU - -A,NEW VENTURE CREATION,"Staff,",Open,20/20,TH (02:00pm-03:20pm) H 107,4
36425,FBE450 - -BU - -A,ENTREPRENEURSHIP IN EMERGING ECONOMY,"Melvin, Sean",Open,25/25,01/14/2019 - 05/10/2019,4
36429,FBE494 - -BU - -A,FAMILY BUSINESS GOVERNANCE AND SUCCESSION PLANNING,"Sandu, Petru",Open,25/25,By Arrangement,4
36417,FIN325 - -BU - -A,CORPORATE FINANCE,"Neuhauser, Hongsong",Open,35/35,TH (09:30am-10:50am) H 215,4
,FIN325 - -BU - -A,LAB - CORPORATE FINANCE,,,,TH (09:30am-10:50am) H 111,
36418,FIN325 - -BU - -B,CORPORATE FINANCE,"Neuhauser, Hongsong",Open,35/35,TH (02:00pm-03:20pm) H 215,4
,FIN325 - -BU - -B,LAB - CORPORATE FINANCE,,,,TH (02:00pm-03:20pm) H 111,
36423,FIN425 - -BU - -A,ADVANCED FINANCIAL MANAGEMENT,"Neuhauser, Hongsong",Open,21/21,TH (12:30pm-01:50pm) H 111,4
36424,FIN426 - -BU - -A,STUDENT MANAGED INVESTMENT PORTFOLIO,"Neuhauser, Hongsong",Open,24/24,H (05:00pm-06:40pm) H 214,2
,FIN426 - -BU - -A,LAB - STUDENT MANAGED INVESTMENT PORTFOLIO,,,,H (05:00pm-06:40pm) H 111,
36232,FPA490 - -FP - -A,ARTS ADMINISTRATION STRATEGY (BA 490),"Gillis, Tamara",Open,15/15,W (09:00am-10:40am) Z 116,2
35995,FR 111 - -2PLO-C-A,PLO ELEMENTARY FRENCH I,"Borilot, Vanessa",Open,24/24,MWF (09:30am-10:40am) N 204,4
35996,FR 112 - -2PLO-C-A,PLO ELEMENTARY FRENCH II,"Nissman-Cohen, Barbara",Open,14/14,MWF (09:30am-10:40am) W 211,4
35997,FR 212 - -2PLO-C-A,PLO INTERMEDIATE FRENCH II,"Borilot, Vanessa",Open,14/14,MWF (12:30pm-01:40pm) W 211,4
36018,FR 323 - -ML - -A,INTRODUCTION TO LITERATURE,"Borilot, Vanessa",Open,10-Oct,TH (12:30pm-01:50pm) W 304,4
35998,FR 497 - -ML - -A,FRENCH SENIOR RESEARCH PROJECT II,"Borilot, Vanessa",Open,10-Oct,By Arrangement,2
35999,GER112 - -2PLO-C-A,PLO ELEMENTARY GERMAN II,"Snyder, Jyl",Open,12-Dec,MWF (09:30am-10:40am) W 304,4
36000,GER212 - -2PLO-C-A,PLO INTERMEDIATE GERMAN II,"Snyder, Jyl",Open,16/16,,4
36019,GER370 - -ML - -A,ADVANCED GRAMMAR AND COMPOSITION,"Snyder, Jyl",Open,12-Dec,MWF (03:30pm-04:40pm) H 112,4
36558,HEN102 - -4WCH-H-A,HNR WCH WESTERN LITERARY HERITAGE,"Martin, Louis",Open,15/15,MF (09:30am-10:50am) N 203,4
36559,HEN105 - -9HUM-H-A,HUM UTOPIAN AND DYSTOPIAN LITERATURE,"Adams, Kimberly",Open,15/15,TH (12:30pm-01:50pm) N 204,4
35834,HHI235 - -7SSC-H-A,HNR SSC CITIZENSHIP AND CONSCIENCE,"Nolt, Steven",Open,15/15,TH (12:30pm-01:45pm) YC CLSRM,4
35835,HI 102 - -9HUM-C-A,HUM UNITED STATES HISTORY SINCE 1877,"Brown, David",Open,35/35,TH (11:00am-12:15pm) N 232,4
35836,HI 115 - -4WCH-C-A,WCH WESTERN CIVILIZATION II,"Densford, Kathryn",Open,35/35,MW (09:30am-10:45am) N 232,4
35837,HI 115 - -4WCH-C-B,WCH WESTERN CIVILIZATION II,"Densford, Kathryn",Open,35/35,MW (12:30pm-01:45pm) N 207,4
36050,HI 224 - -HI - -A,PA HISTORY & GOVERMENT FOR SOCIAL STUDIES EDUCATORS (ED 224),"Finley-Bowman, Rachel",Open,24/24,MW (09:30am-10:50am) N 129,4
35843,HI 318 - -HI - -A,GREATER CHINA,"Kenley, David",Open,35/35,MF (11:00am-12:15pm) N 228,4
35842,HI 321 - -HI - -A,NORTH AFRICA IN MODERN TIMES,"Newsome, William",Open,14/14,TH (09:30am-10:45am) W 204,4
35841,HI 324 - -HI - -A,EMPIRE AND NATION IN EASTERN EUROPE,"Densford, Kathryn",Open,35/35,MW (03:30pm-04:45pm) N 228,4
35840,HI 325 - -HI - -A,THE BEATLES: A CULTURAL HISTORY,"Brown, David",Open,14/14,TH (02:00pm-03:15pm) W 204,4
35839,HI 330 - -HI - -A,STUDIES IN U.S. HISTORY: THE AMERICAN TRANSCENDENTALISTS,"Brown, David",Open,14/14,T (06:00pm-08:30pm) W 211,4
35902,HMA275 - -3CE -H-A,HNR CE MATHEMATICS IN MUSIC,"Hughes, James",Open,15/15,MWF (09:30am-10:50am) Z 125,4
36568,HON201 - -ET -N-A,HNR ELIZABETHTOWN HISTORY: CAMPUS AND COMMUNITY,"Benowitz, Jean-Paul",Open,16/16,TH (02:00pm-02:50pm) W 001,2
36567,HON301 - -ET -N-A,HNR THESIS PREPARATION,"Newsome, William",Open,15/15,By Arrangement,1
35848,HPC125 - -6NPS-H-A,HNR NPS INTRODUCTION TO NEUROSCIENCE,"Pretz, Jean",Open,15/15,MW (12:30pm-01:50pm) N 206,4
35976,IC 201 - -10IC-C-A,NPS/CE ECOLOGY AND SHORT FICTION,"Bowne, David",Open,25/25,MWF (09:30am-10:50am) N 207,4
35917,IC 202 - -10IC-C-A,HUM/WCH VISUALIZING WOMEN IN 19TH- CENTURY WESTERN ART AND LITERATURE,"Ricci, Patricia",Open,25/25,TH (02:00pm-03:20pm) ST 101,4
36577,IC 203 - -10IC-C-A,NPS/WCH FOUNDATIONS OF MODERN PHYSICS,"Silberstein, Michael",Open,20/20,W (03:30pm-06:20pm) E GAUD,4
36229,IC 204 - -10IC- -A,CE/HUM ARTISTIC PEACEBUILDING,"Shorner-Johnson, Kevin",Open,24/24,MW (02:00pm-03:20pm) N 234,4
36446,ILS105 - -9HUM-C-A,HUM EXPLORING INTERFAITH LEADERSHIP AND SERVICE,"Sadd, Tracy",Open,35/35,MW (02:00pm-03:15pm) N 202,4
36449,ILS330 - -ILS - -A,COMPARATIVE THEOLOGY AND INTERFAITH ENGAGEMENT,"Long, Jeffery",Open,14/14,MW (06:30pm-07:45pm) W 211,4
36447,ILS470 - -ILS - -A,INTERNSHIP IN INTERFAITH LEADERSHIP STUDIES,"Staff,",Open,5-May,By Arrangement,4
36448,ILS491 - -ILS - -A,PROJECT IN INTERFAITH LEADERSHIP STUDIES,"Sadd, Tracy",Open,14/14,T (12:30pm-01:50pm) W 211,2
36508,INT332 - -INT - -A,MODEL UNITED NATIONS (PS 332),"Ozkanca, Oya",Open,15/15,TH (02:00pm-03:20pm) N 228,4
35833,INT465 - -INT - -A,DIRECTED RESEARCH PROJECT IN INTERNATIONAL STUDIES,"Ozkanca, Oya",Open,10-Oct,By Arrangement,2
36001,JA 112 - -2PLO-C-A,PLO FIRST YEAR JAPANESE 2,"Bhattacharya, Mahua",Open,24/24,MWF (02:00pm-03:10pm) N 204,4
36002,JA 212 - -2PLO-C-A,PLO SECOND YEAR JAPANESE 2,"Takahashi, Nobuaki",Open,16/16,MWF (12:30pm-01:40pm) N 204,4
36020,JA 240 - -5NCH-C-A,NCH HISTORY OF JAPANESE ART AND AESTHETICS (ART 240),"Bhattacharya, Mahua",Open,35/35,MW (12:30pm-01:40pm) H 214,4
36003,JA 245 - -5NCH-C-A,"NCH FROM ANIME TO ZEN: JAPANESE SOCIETY, BUSINESS, AND CULTURE","Bhattacharya, Mahua",Open,20/20,M (06:30pm-09:15pm) N 204,4
36004,JA 312 - -ML - -A,THIRD YEAR JAPANESE 2,"Takahashi, Nobuaki",Open,12-Dec,MWF (02:00pm-03:10pm) W 310,4
36005,JA 412 - -ML - -A,FOURTH YEAR JAPANESE 2,"Takahashi, Nobuaki",Open,12-Dec,MWF (09:30am-10:40am) W 310,4
36006,JA 497 - -ML - -A,JAPANESE SENIOR RESEARCH PROJECT II,"Bhattacharya, Mahua",Open,10-Oct,By Arrangement,2
36007,JA 497 - -ML - -B,JAPANESE SENIOR RESEARCH PROJECT II,"Takahashi, Nobuaki",Open,10-Oct,By Arrangement,2
36556,LAT112 - -2PLO-C-A,PLO ELEMENTARY LATIN 2,"Besse, Jennifer",Open,16/16,MWF (02:00pm-03:20pm) H 112,4
36445,LIB170 - -ET - -A,INFORMATION LITERACY AND RESEARCH,"Strain, Jennifer",Open,24/24,W (03:30pm-04:20pm) H 108,1
35883,MA 121 - -8MA -C-A,MA CALCULUS I,"Montgomery, Anne",Open,35/35,MTHF (11:00am-12:00pm) E 370,4
35884,MA 121 - -8MA -C-B,MA CALCULUS I,"Montgomery, Anne",Open,35/35,MTHF (12:30pm-01:30pm) E 370,4
35885,MA 121 -L-8MA -C-A,MA CALCULUS I LABORATORY,"Hughes, James",Open,49/49,H (02:00pm-03:20pm) TH 105,
35886,MA 122 - -MA - -A,CALCULUS II,"Batakci, Leyla",Open,30/30,MTHF (09:30am-10:30am) E 270,4
35887,MA 122 - -MA - -B,CALCULUS II,"Batakci, Leyla",Open,30/30,MTHF (11:00am-12:00pm) E 187,4
35901,MA 200 - -MA - -A,APPLIED MATRIX ALGEBRA,"McDevitt, Timothy",Open,24/24,TH (09:30am-10:30am) N 230,2
35888,MA 201 - -MA - -A,LINEAR ALGEBRA,"McDevitt, Timothy",Open,30/30,MWF (12:30pm-01:50pm) E 380,4
35889,MA 205 - -MA - -A,MATHEMATICS FOR ELEMENTARY TEACHERS,"Soltys, Stephen",Open,24/24,MWF (12:30pm-01:50pm) N 131,4
35890,MA 222 - -MA - -A,CALCULUS III,"McDevitt, Timothy",Open,24/24,MTHF (11:00am-12:00pm) N 230,4
35891,MA 235 - -MA - -A,INTRODUCTION TO MATHEMATICAL PROOFS,"Thorsen, Bobette",Open,24/24,MWF (12:30pm-01:50pm) E 382,4
35892,MA 235 - -MA - -B,INTRODUCTION TO MATHEMATICAL PROOFS,"Thorsen, Bobette",Open,30/30,MWF (02:00pm-03:20pm) E 370,4
35893,MA 251 - -8MA -C-A,MA PROBABILITY AND STATISTICS,"Soltys, Stephen",Open,35/35,MWF (08:00am-09:20am) E 370,4
35894,MA 251 - -8MA -C-B,MA PROBABILITY AND STATISTICS,"Soltys, Stephen",Open,35/35,MWF (09:30am-10:50am) E 370,4
35895,MA 251 - -8MA -C-C,MA PROBABILITY AND STATISTICS,"Doytchinov, Bogdan",Open,35/35,MWF (12:30pm-01:50pm) E 270,4
35896,MA 251 - -8MA -C-D,MA PROBABILITY AND STATISTICS,"Doytchinov, Bogdan",Open,35/35,MWF (02:00pm-03:20pm) E 380,4
35897,MA 252 - -MA - -A,STATISTICAL METHODS IN RESEARCH,"Batakci, Leyla",Open,24/24,MWF (12:30pm-01:50pm) H 108,4
35898,MA 262 - -MA - -A,FINANCIAL MATHEMATICS WITH EXCEL,"Hughes, James",Open,35/35,TH (09:30am-10:30am) E 368,2
35899,MA 321 - -MA - -A,DIFFERENTIAL EQUATIONS,"Hughes, James",Open,30/30,MTHF (11:00am-11:50am) E 380,4
35900,MA 355 - -MA - -A,PROBLEM SOLVING IN ACTUARIAL SCIENCE,"Doytchinov, Bogdan",Open,18/18,TH (08:00am-09:00am) E 380,2
35904,MA 425 - -MA - -A,COMPLEX VARIABLES,"Thorsen, Bobette",Open,24/24,MWF (09:30am-10:50am) E 382,4
35905,MA 458 - -MA - -A,LONG TERM ACTUARIAL MATHEMATICS,"Sanchis, Gabriela",Open,20/20,MWF (02:00pm-03:20pm) E 382,4
36082,MCI530 - -ED - -A,BUILDING SOCIAL AND COMMUNITY CAPACITY,"Haley-Mize, Leigh Shannon",Open,20/20,01/14/2019 - 05/10/2019,3
36083,MCI535 - -ED - -A,CURRENT ISSUES &TRENDS IN ASSESSMNT IN SPECIAL & APPLIED STATASTICS,"Frick, John",Open,20/20,01/14/2019 - 05/10/2019,3
36084,MCI590 - -ED - -A,THE GRADUATE RESEARCH SEMINAR,"Coyle, H. Elizabeth",Open,20/20,01/14/2019 - 05/10/2019,6
36088,MSE512 - -ED - -A,LEARNING ENVIRONMENT AND SOCIAL INTRCTN IN INCLSV STGS (SED 212),"Coyle, H. Elizabeth",Open,20/20,01/14/2019 - 05/10/2019,4
36090,MSE522 - -ED - -A,FOUNDATIONS OF INCLUSIVE EDUCATION (SED 222),"Tyminski, Carroll",Open,28/28,TH (11:00am-12:20pm) N 106,4
36094,MSE522 -L-ED - -A,FOUNDATIONS OF INCLUSIVE EDUCATION LABORATORY (SED 222L),"Tyminski, Carroll",Open,28/28,By Arrangement,
36093,MSE524 - -ED - -A,METHODS OF TEACHING STUDENTS WITH HIGH INCIDENCE DISABLTIES (SED 224),"Haley-Mize, Leigh Shannon",Open,28/28,MW (12:30pm-01:50pm) N 106,4
36096,MSE524 -L-ED - -A,METHODS OF TEACHING STUDENTS W HIGH INCDNC DISABILITIES LAB (SED 224L),"Haley-Mize, Leigh Shannon",Open,28/28,By Arrangement,
36099,MSE530 - -ED - -A,METHODS OF TEACHING STUDENTS W/ LOW INCIDENCE DISABILITIES (SED 230),"Haley-Mize, Leigh Shannon",Open,24/24,TH (09:30am-10:50am) N 129,4
36085,MSE570 - -ED - -A,GRADUATE STUDENT TEACHING,"Haley-Mize, Leigh Shannon",Open,35/35,,12
36086,MSE590 - -ED - -A,GRADUATE RESEARCH SEMINAR,"Haley-Mize, Leigh Shannon",Open,24/24,M (05:00pm-08:00pm) N 104,4
36139,MU 100 - -FP - -A,REPERTOIRE CLASS,"Bomberger, E. Douglas",Open,40/40,M (03:30pm-04:20pm) Z 205,0
36140,MU 102 - -FP - -A,THEORY II,"Haines, James",Open,25/25,MW (08:00am-09:15am) Z 204,2
36141,MU 104 - -FP - -A,AURAL SKILLS II,"Shorner-Johnson, Kevin",Open,15/15,TH (01:00pm-01:50pm) Z 125,1
36142,MU 104 - -FP - -B,AURAL SKILLS II,"Shorner-Johnson, Kevin",Open,15/15,TH (02:00pm-02:50pm) Z 125,1
36143,MU 111 - -FP - -A,VOICE CLASS,"Bomberger, Teresa",Open,15/15,TH (11:00am-11:50am) Z 205,1
36144,MU 118 - -FP - -A,FUNCTIONAL KEYBOARD SKILLS II,"Badgerow, Justin",Open,10-Oct,MW (09:30am-10:20am) Z 112,1
36145,MU 118 - -FP - -B,FUNCTIONAL KEYBOARD SKILLS II,"Badgerow, Justin",Open,10-Oct,MW (01:00pm-01:50pm) Z 112,1
36146,MU 119 - -FP - -A,GUITAR CLASS I,"Cullen, David",Open,15/15,M (11:00am-12:20pm) Z 204,1
36147,MU 119 - -FP - -B,GUITAR CLASS I,"Cullen, David",Open,15/15,M (12:30pm-01:45pm) Z 126,1
36148,MU 125 - -4WCH-C-A,WCH AMERICAN POPULAR MUSIC FROM RAGTIME TO ROCK,"Bomberger, E. Douglas",Open,29/29,MW (09:30am-10:50am) Z 102,4
36149,MU 130 - -FP - -A,SURVEY OF MUSIC EDUCATION,"Shorner-Johnson, Kevin",Open,15/15,F (09:30am-10:20am) Z 126,1
36150,MU 150 - -FP - -A,PROFESSIONAL SEMINAR,"Behrens, Gene",Open,35/35,W (03:30pm-04:20pm) TH 105,1
36151,MU 152 - -FP - -A,MUSIC THERAPY AND CLINICAL POPULATIONS,"Frantz, Emily",Open,15/15,TH (08:00am-09:15am) Z 125,2
36152,MU 202 - -FP - -A,THEORY IV,"Haines, James",Open,25/25,MW (02:00pm-03:15pm) Z 125,2
36153,MU 204 - -FP - -A,AURAL SKILLS IV,"Badgerow, Justin",Open,15/15,TH (01:00pm-01:50pm) Z 102,1
36230,MU 204 - -FP - -B,AURAL SKILLS IV,"Shorner-Johnson, Kevin",Open,15/15,TH (02:00pm-02:50pm) Z 102,1
36154,MU 205 - -5NCH-C-A,NCH WORLD MUSIC,"Shorner-Johnson, Kevin",Open,20/20,TH (08:00am-09:15am) N 205,4
36155,MU 212 - -FP - -A,MUSIC HISTORY: 1850 TO THE PRESENT,"Bomberger, E. Douglas",Open,29/29,MWF (08:00am-09:15am) Z 102,4
36156,MU 218 - -FP - -A,FUNCTIONAL KEYBOARD SKILLS IV,"Braun, Cheryl",Open,10-Oct,TH (08:00am-08:50am) Z 112,1
36231,MU 218 - -FP - -B,FUNCTIONAL KEYBOARD SKILLS IV,"Braun, Cheryl",Open,10-Oct,TH (09:00am-09:50am) Z 112,1
36228,MU 231 - -FP - -A,BRASS CLASS,"Spence, J. Robert",Open,20/20,F (11:00am-12:40pm) Z 204,1
36157,MU 236 - -FP - -A,PERCUSSION FOR MUSIC THERAPY,"Behrenshausen, Brent",Open,12-Dec,H (04:30pm-05:20pm) Z 126,1
36158,MU 253 - -FP - -A,MUSIC THERAPY METHODS AND TECHNIQUES II,"Frantz, Emily",Open,15/15,TH (11:00am-12:15pm) Z 125,3
36159,MU 254 - -FP - -A,PRACTICAL EXPERIENCES I: MUSIC THERAPY,"Behrens, Gene",Open,15/15,By Arrangement,1
36160,MU 268 - -3CE -C-A,CE VOICE,"Gross, Anne",Open,25/25,By Arrangement,1
36161,MU 268 - -3CE -C-B,CE VOICE,"Mekeel, Alison",Open,25/25,By Arrangement,1
36163,MU 268 - -3CE -C-C,CE VOICE,"Drackley, Phyllis",Open,25/25,By Arrangement,1
36162,MU 268 - -3CE -C-D,CE VOICE,"Fritz, Matthew",Open,25/25,By Arrangement,1
36164,MU 268 - -3CE -C-E,CE VOICE,"Bomberger, Teresa",Open,25/25,By Arrangement,1
36165,MU 269 - -3CE -C-A,CE PIANO,"Badgerow, Justin",Open,25/25,By Arrangement,1
36166,MU 269 - -3CE -C-B,CE PIANO,"Bomberger, E. Douglas",Open,25/25,By Arrangement,1
36167,MU 269 - -3CE -C-C,CE PIANO,"Braun, Cheryl",Open,25/25,By Arrangement,1
36168,MU 270 - -3CE -C-A,CE ORGAN,"Ciucci, Anthony",Open,25/25,By Arrangement,1
36169,MU 271 - -3CE -C-A,CE VIOLIN,"McCullough, Stephanie",Open,25/25,By Arrangement,1
36170,MU 272 - -3CE -C-A,CE VIOLA,"McCullough, Stephanie",Open,25/25,By Arrangement,1
36171,MU 273 - -3CE -C-A,CE CELLO,"Male, Sara",Open,25/25,By Arrangement,1
36172,MU 274 - -3CE -C-A,CE STRING BASS,"Howell, Devin",Open,25/25,By Arrangement,1
36173,MU 275 - -3CE -C-A,CE GUITAR,"Cullen, David",Open,25/25,By Arrangement,1
36174,MU 276 - -3CE -C-A,CE FLUTE,"Nelson, Paula",Open,25/25,By Arrangement,1
36175,MU 277 - -3CE -C-A,CE CLARINET,"Shiffer, Faith",Open,25/25,By Arrangement,1
36176,MU 278 - -3CE -C-A,CE OBOE,"Frantz, Emily",Open,25/25,By Arrangement,1
36177,MU 279 - -3CE -C-A,CE BASSOON,"Frantz, Emily",Open,25/25,By Arrangement,1
36178,MU 280 - -3CE -C-A,CE SAXOPHONE,"Shiffer, Faith",Open,25/25,By Arrangement,1
36179,MU 281 - -3CE -C-A,CE TRUMPET,"Hillard, Leon",Open,25/25,By Arrangement,1
36180,MU 282 - -3CE -C-A,CE FRENCH HORN,"Staherski, Cheryl",Open,25/25,By Arrangement,1
36181,MU 283 - -3CE -C-A,CE TROMBONE,"Moore II, Grant",Open,25/25,By Arrangement,1
36182,MU 284 - -3CE -C-A,CE EUPHONIUM,"Moore II, Grant",Open,25/25,By Arrangement,1
36183,MU 285 - -3CE -C-A,CE TUBA,"Moore II, Grant",Open,25/25,By Arrangement,1
36184,MU 286 - -3CE -C-A,CE PERCUSSION,"Behrenshausen, Brent",Open,25/25,By Arrangement,1
36185,MU 290 - -FP - -A,COMPOSITION,"Haines, James",Open,6-Jun,,1
36186,MU 322 - -FP - -A,CONDUCTING II,"Spence, J. Robert",Open,15/15,TH (11:00am-12:15pm) Z 204,2
36187,MU 330 - -FP - -A,GENERAL MUSIC METHODS AND MATERIALS,"Shorner-Johnson, Kevin",Open,15/15,TH (09:30am-10:20am) Z 126,2
36188,MU 331 - -FP - -A,GENERAL MUSIC FIELD EXPERIENCE,"Shorner-Johnson, Kevin",Open,15/15,By Arrangement,1
36189,MU 332 - -FP - -A,MUSIC TECHNOLOGY,"Fritz, Matthew",Open,8-Aug,W (02:00pm-02:50pm) Z 114,1
36190,MU 354 - -FP - -A,CLINICAL IMPROVISATION AND COMPOSITION II,"Haines, James",Open,25/25,TH (09:30am-10:20am) Z 204,2
36191,MU 355 - -FP - -A,PRACTICAL EXPERIENCES II: MUSIC THERAPY,"Behrens, Gene",Open,15/15,By Arrangement,1
36192,MU 356 - -FP - -A,PRACTICAL EXPERIENCES III: MUSIC THERAPY,"Behrens, Gene",Open,15/15,By Arrangement,1
36193,MU 358 - -FP - -A,PSYCHOLOGY OF MUSIC AND RESEARCH METHODS I,"Behrens, Gene",Open,15/15,TH (11:00am-12:20pm) Z 126,3
36194,MU 360B- -FP - -A,CHAMBER ENSEMBLE BRASS,"Moore II, Grant",Open,44/44,M (02:30pm-03:20pm) Z 204,0.5
36195,MU 360B- -FP - -B,CHAMBER ENSEMBLE BRASS,"Moore II, Grant",Open,44/44,M (02:30pm-03:20pm) Z 204,0
36196,MU 360C- -FP - -A,WOODWIND ENSEMBLE,"Shiffer, Faith",Open,35/35,By Arrangement,0.5
36197,MU 360C- -FP - -B,WOODWIND ENSEMBLE,"Shiffer, Faith",Open,35/35,By Arrangement,0
36198,MU 360E- -FP - -A,FLUTE CHOIR,"Nelson, Paula",Open,44/44,F (01:30pm-02:20pm) Z 204,0.5
36199,MU 360E- -FP - -B,FLUTE CHOIR,"Nelson, Paula",Open,44/44,F (01:30pm-02:20pm) Z 204,0
36200,MU 360F- -FP - -A,PERCUSSION ENSEMBLE,"Behrenshausen, Brent",Open,44/44,H (06:00pm-07:20pm) Z 204,0.5
36201,MU 360F- -FP - -B,PERCUSSION ENSEMBLE,"Behrenshausen, Brent",Open,44/44,H (06:00pm-07:20pm) Z 204,0
36202,MU 360P- -FP - -A,PIANO ENSEMBLE,"Badgerow, Justin",Open,5-May,H (03:30pm-04:20pm) Z 101,0.5
36203,MU 360P- -FP - -B,PIANO ENSEMBLE,"Badgerow, Justin",Open,5-May,H (03:30pm-04:20pm) Z 101,0.5
36204,MU 360S- -FP - -A,STRING ENSEMBLE,"Male, Sara",Open,5-May,By Arrangement,0.5
36205,MU 360S- -FP - -B,STRING ENSEMBLE,"Male, Sara",Open,5-May,,0
36206,MU 360V- -FP - -A,VOCAL ENSEMBLE,"Gross, Anne",Open,5-May,M (02:00pm-02:50pm) Z 205,0.5
36207,MU 360V- -FP - -B,VOCAL ENSEMBLE,"Gross, Anne",Open,5-May,M (02:00pm-02:50pm) Z 205,0
36208,MU 361 - -3CE -C-A,CE CONCERT CHOIR,"Fritz, Matthew",Open,44/44,MW (12:30pm-01:45pm) Z 204,1
36209,MU 361 - -FP - -B,CONCERT CHOIR,"Fritz, Matthew",Open,44/44,MW (12:30pm-01:45pm) Z 204,0
36210,MU 363 - -3CE -C-A,CE COMMUNITY CHORUS,"Fritz, Matthew",Open,72/72,T (07:30pm-09:20pm) LC MUS,1
36211,MU 363 - -FP - -B,COMMUNITY CHORUS,"Fritz, Matthew",Open,72/72,T (07:30pm-09:20pm) LC MUS,0
36212,MU 364 - -3CE -C-A,CE WOMEN'S CHORUS,"Gross, Anne",Open,36/36,W (06:30pm-08:20pm) LC PERF,1
36213,MU 364 - -FP - -B,WOMEN'S CHORUS,"Gross, Anne",Open,36/36,W (06:30pm-08:20pm) LC PERF,0
36214,MU 365 - -3CE -C-A,CE ORCHESTRA,"Spence, J. Robert",Open,44/44,T (06:00pm-07:30pm) Z 204,1
,MU 365 - -3CE -C-A,CE ORCHESTRA,,,,H (03:30pm-04:20pm) Z 204,
36215,MU 365 - -FP - -B,ORCHESTRA,"Spence, J. Robert",Open,44/44,T (06:00pm-07:30pm) Z 204,0
,MU 365 - -FP - -B,ORCHESTRA,,,,H (03:30pm-04:20pm) Z 204,
36216,MU 368 - -FP - -A,JAZZ BAND,"Moore II, Grant",Open,44/44,W (07:00pm-09:00pm) Z 204,0.5
36217,MU 368 - -FP - -B,JAZZ BAND,"Moore II, Grant",Open,44/44,W (07:00pm-09:00pm) Z 204,0
36218,MU 369 - -3CE -C-A,CE SYMPHONIC BAND,"Spence, J. Robert",Open,60/60,MW (04:30pm-06:00pm) Z 204,1
36219,MU 369 - -FP - -B,SYMPHONIC BAND,"Spence, J. Robert",Open,44/44,MW (04:30pm-06:00pm) Z 204,0
36220,MU 440 - -FP - -A,ARRANGING,"Spence, J. Robert",Open,15/15,TH (02:00pm-02:50pm) Z 116,2
36221,MU 457 - -FP - -A,PRACTICAL EXPERIENCES IV: MUSIC THERAPY,"Behrens, Gene",Open,25/25,By Arrangement,1
36222,MU 458 - -FP - -A,PRACTICAL EXPERIENCES V: MUSIC THERAPY,"Behrens, Gene",Open,25/25,By Arrangement,1
36223,MU 459 - -FP - -A,MUSIC THERAPY METHODS AND TECHNIQUES IV,"Behrens, Gene",Open,25/25,TH (02:00pm-03:20pm) Z 126,3
36224,MU 471 - -FP - -A,INTERNSHIP IN MUSIC,"Shorner-Johnson, Kevin",Open,10-Oct,By Arrangement,4
36225,MU 475 - -FP - -A,PROFESSIONAL INTERNSHIP IN MUSIC EDUCATION,"Shorner-Johnson, Kevin",Open,5-May,By Arrangement,12
36226,MU 479 - -FP - -A,PROFESSIONAL INTERNSHIP IN MUSIC THERAPY,"Behrens, Gene",Open,25/25,By Arrangement,0
36227,MU 490 - -FP - -A,INDEPENDENT RESEARCH IN MUSIC,"Behrens, Gene",Open,5-May,By Arrangement,1
36349,OT 110 - -OT - -A,OCCUPATIONS ACROSS THE LIFESPAN,"Steadman, Nancy",Open,16/16,TH (09:30am-10:50am) E 373,4
36350,OT 110 - -OT - -B,OCCUPATIONS ACROSS THE LIFESPAN,"Steadman, Nancy",Open,16/16,TH (11:00am-12:20pm) E 373,4
36351,OT 110 - -OT - -C,OCCUPATIONS ACROSS THE LIFESPAN,"Steadman, Nancy",Open,16/16,TH (02:00pm-03:20pm) E 373,4
36352,OT 110 - -OT - -D,OCCUPATIONS ACROSS THE LIFESPAN,"Steadman, Nancy",Open,16/16,W (08:00am-11:00am) E 373,4
36293,OT 224 - -OT - -A,DEVELOPMENT AND OCCUPATIONS OF ADULTHOOD,"Staff,",Open,20/20,T (09:30am-12:20pm) E 382,4
36294,OT 224 - -OT - -B,DEVELOPMENT AND OCCUPATIONS OF ADULTHOOD,"Staff,",Open,20/20,T (02:00pm-04:50pm) N 206,4
36295,OT 224 - -OT - -C,DEVELOPMENT AND OCCUPATIONS OF ADULTHOOD,"Stoner, Dawn",Open,20/20,H (09:00am-11:50am) N 234,4
36353,OT 224 - -OT - -D,DEVELOPMENT AND OCCUPATIONS OF ADULTHOOD,"Stoner, Dawn",Open,20/20,H (12:30pm-03:20pm) N 210,4
36296,OT 227 - -OT - -A,OCCUPATIONS AND MODELS OF PRACTICE IN OCCUPATIONAL THERAPY,"Waltermire-Burton, Deborah",Open,24/24,W (08:00am-10:50am) E 360,3
36297,OT 227 - -OT - -B,OCCUPATIONS AND MODELS OF PRACTICE IN OCCUPATIONAL THERAPY,"Waltermire-Burton, Deborah",Open,24/24,TH (08:00am-09:20am) E 382,3
36298,OT 227 - -OT - -C,OCCUPATIONS AND MODELS OF PRACTICE IN OCCUPATIONAL THERAPY,"Hample, Kerri",Open,24/24,F (08:00am-10:50am) N 232,3
36299,OT 228 - -OT - -A,GROUP PROCESS APPLIED LEARNING LAB,"Staff,",Open,18/18,W (08:00am-09:50am) E 362,2
36300,OT 228 - -OT - -B,GROUP PROCESS APPLIED LEARNING LAB,"Staff,",Open,18/18,W (02:00pm-03:50pm) E 373,2
36301,OT 228 - -OT - -C,GROUP PROCESS APPLIED LEARNING LAB,"Staff,",Open,18/18,F (12:30pm-02:20pm) E 373,2
36302,OT 228 - -OT - -D,GROUP PROCESS APPLIED LEARNING LAB,"Staff,",Open,18/18,M (02:00pm-03:50pm) E 362,2
36303,OT 327 - -OT - -A,PATHOLOGY I,"Fox, Gina",Open,32/32,T (08:00am-11:00am) E 360,3
36304,OT 327 - -OT - -B,PATHOLOGY I,"Fox, Gina",Open,32/32,T (12:30pm-03:30pm) E 360,3
36305,OT 331 - -OT - -A,FUNDAMENTALS OF THE OCCUPATIONAL THERAPY PROCESS,"Martin, Diane",Open,22/22,H (11:00am-11:50am) ST 114,2
,OT 331 - -OT - -A,LAB - FUNDAMENTALS OF THE OCCUPATIONAL THERAPY PROCESS,,,,M (11:00am-12:00pm) E 362,
36306,OT 331 - -OT - -B,FUNDAMENTALS OF THE OCCUPATIONAL THERAPY PROCESS,"Martin, Diane",Open,22/22,H (11:00am-11:50am) ST 114,2
,OT 331 - -OT - -B,LAB - FUNDAMENTALS OF THE OCCUPATIONAL THERAPY PROCESS,,,,W (02:00pm-03:00pm) E 362,
36354,OT 331 - -OT - -C,FUNDAMENTALS OF THE OCCUPATIONAL THERAPY PROCESS,"Martin, Diane",Open,22/22,H (11:00am-11:50am) ST 114,2
,OT 331 - -OT - -C,LAB - FUNDAMENTALS OF THE OCCUPATIONAL THERAPY PROCESS,,,,H (02:30pm-03:30pm) E 362,
36307,OT 332 - -OT - -A,ENABLING OCCUPATIONS: COGNITIVE AND PERCEPTUAL DIMENSIONS,"Fox, Gina",Open,22/22,H (08:00am-09:20am) E 360,4
36308,OT 332 - -OT - -B,ENABLING OCCUPATIONS: COGNITIVE AND PERCEPTUAL DIMENSIONS,"Fox, Gina",Open,32/32,H (09:30am-10:50am) E GAUD,4
36309,OT 332F- -OT - -A,ENABLING OCCUPATIONS: COGNITIVE AND PERCEPTUAL DIMENSIONS FIELD STUDY,"Martin, Diane",Open,22/22,F (08:00am-05:00pm) FIELD FIELD,0
36310,OT 332F- -OT - -B,ENABLING OCCUPATIONS: COGNITIVE AND PERCEPTUAL DIMENSIONS FIELD STUDY,"Martin, Diane",Open,22/22,M (08:00am-05:00pm) FIELD FIELD,0
36628,OT 332F- -OT - -C,ENABLING OCCUPATIONS: COGNITIVE AND PERCEPTUAL DIMENSIONS FIELD STUDY,"Martin, Diane",Open,22/22,W (08:00am-05:00pm) FIELD FIELD,0
36311,OT 332S- -OT - -A,ENABLING OCCUPATIONS: COGNITIVE AND PERCEPTUAL DIMENSIONS SEMINAR,"Downs, Kelly",Open,22/22,F (11:00am-11:30am) E 362,0
,OT 332S- -OT - -A,LAB - ENABLING OCCUPATIONS: COGNITIVE AND PERCEPTUAL DIMENSIONS SEMINAR,,,,F (09:00am-11:00am) E 362,
36312,OT 332S- -OT - -B,ENABLING OCCUPATIONS: COGNITIVE AND PERCEPTUAL DIMENSIONS SEMINAR,"Downs, Kelly",Open,22/22,F (03:00pm-03:30pm) E 362,0
,OT 332S- -OT - -B,LAB - ENABLING OCCUPATIONS: COGNITIVE AND PERCEPTUAL DIMENSIONS SEMINAR,,,,F (01:00pm-03:00pm) E 362,
36313,OT 332S- -OT - -C,ENABLING OCCUPATIONS: COGNITIVE AND PERCEPTUAL DIMENSIONS SEMINAR,"Fox, Gina",Open,22/22,H (03:00pm-03:30pm) E 360,0
,OT 332S- -OT - -C,LAB - ENABLING OCCUPATIONS: COGNITIVE AND PERCEPTUAL DIMENSIONS SEMINAR,,,,H (01:00pm-03:00pm) E 360,
36314,OT 434 - -OT - -A,ENABLING OCCUPATIONS: PSYCHOSOCIAL DIMENSIONS,"Waltermire-Burton, Deborah",Open,18/18,M (02:00pm-05:00pm) E 360,4
36315,OT 434 - -OT - -B,ENABLING OCCUPATIONS: PSYCHOSOCIAL DIMENSIONS,"Cunningham, Laura",Open,18/18,F (09:00am-11:50am) E 360,4
36367,OT 434 - -OT - -C,ENABLING OCCUPATIONS: PSYCHOSOCIAL DIMENSIONS,"Cunningham, Laura",Open,18/18,F (01:00pm-03:50pm) E 360,4
36316,OT 434F- -OT - -A,ENABLING OCCUPATIONS: PSYCHOSOCIAL DIMENSIONS FIELD STUDY,"Martin, Diane",Open,24/24,M (08:00am-05:00pm) FIELD FIELD,0
36317,OT 434F- -OT - -B,ENABLING OCCUPATIONS: PSYCHOSOCIAL DIMENSIONS FIELD STUDY,"Martin, Diane",Open,24/24,W (08:00am-05:00pm) FIELD FIELD,0
36629,OT 434F- -OT - -C,ENABLING OCCUPATIONS: PSYCHOSOCIAL DIMENSIONS FIELD STUDY,"Martin, Diane",Open,22/22,F (08:00am-05:00pm) FIELD FIELD,0
36318,OT 434S- -OT - -A,ENABLING OCCUPATIONS: PSYCHOSOCIAL DIMENSIONS SEMINAR,"Waltermire-Burton, Deborah",Open,49/49,T (02:00pm-03:20pm) TH 105,0
36319,OT 435 - -OT - -A,ENABLING OCCUPATIONS: NEUROMUSCULAR DIMENSIONS,"Panchik, Daniel",Open,18/18,T (08:30am-10:20am) E 362,2
36320,OT 435 - -OT - -B,ENABLING OCCUPATIONS: NEUROMUSCULAR DIMENSIONS,"Panchik, Daniel",Open,18/18,H (08:30am-10:20am) E 362,2
36358,OT 435 - -OT - -C,ENABLING OCCUPATIONS: NEUROMUSCULAR DIMENSIONS,"Panchik, Daniel",Open,18/18,H (12:30pm-02:20pm) E 362,2
36321,OT 440 - -OT - -A,HEALTH CARE SYSTEMS,"Benner, Lori",Open,40/40,T (05:30pm-08:30pm) E 270,3
36322,OT 494 - -OT - -A,UNDERGRADUATE SCHOLARSHIP PRACTICUM II,"Salvadia, Angela",Open,10-Oct,By Arrangement,2
36323,OT 494 - -OT - -B,UNDERGRADUATE SCHOLARSHIP PRACTICUM II,"Hample, Kerri",Open,10-Oct,By Arrangement,2
36324,OT 494 - -OT - -C,UNDERGRADUATE SCHOLARSHIP PRACTICUM II,"Dennehy, Terri",Open,10-Oct,By Arrangement,2
36325,OT 494 - -OT - -D,UNDERGRADUATE SCHOLARSHIP PRACTICUM II,"Potter, Ann Marie",Open,10-Oct,By Arrangement,2
36326,OT 494 - -OT - -E,UNDERGRADUATE SCHOLARSHIP PRACTICUM II,"Steadman, Nancy",Open,10-Oct,By Arrangement,2
36327,OT 494 - -OT - -F,UNDERGRADUATE SCHOLARSHIP PRACTICUM II,"Panchik, Daniel",Open,10-Oct,By Arrangement,2
36328,OT 494 - -OT - -G,UNDERGRADUATE SCHOLARSHIP PRACTICUM II,"Achenbach, Christine",Open,10-Oct,By Arrangement,2
36329,OT 502 - -OT - -A,RESEARCH III: CHANGING PRACTICE THROUGH RESEARCH,"Dennehy, Terri",Open,16/16,H (02:00pm-03:20pm) E 187,4
36355,OT 502 - -OT - -B,RESEARCH III: CHANGING PRACTICE THROUGH RESEARCH,"Dennehy, Terri",Open,16/16,H (02:00pm-03:20pm) E 187,4
36356,OT 502 - -OT - -C,RESEARCH III: CHANGING PRACTICE THROUGH RESEARCH,"Dennehy, Terri",Open,16/16,H (02:00pm-03:20pm) E 187,4
36330,OT 529 - -OT - -A,ADVANCED CLINICAL REASONING II,"Salvadia, Angela",Open,20/20,M (08:00am-11:00am) E 373,3
36331,OT 529 - -OT - -B,ADVANCED CLINICAL REASONING II,"Salvadia, Angela",Open,25/25,T (12:30pm-03:30pm) E 362,3
36332,OT 529 - -OT - -C,ADVANCED CLINICAL REASONING II,"Salvadia, Angela",Open,25/25,F (09:30am-12:30pm) N 127,3
36333,OT 530 - -OT - -A,PREPARATION FOR PRACTICE,"Ericksen, Judy",Open,21/21,W (08:30am-09:30am) E 187,1
36334,OT 530 - -OT - -B,PREPARATION FOR PRACTICE,"Ericksen, Judy",Open,21/21,W (08:30am-09:30am) E 187,1
36335,OT 541 - -OT - -A,ACUTE CARE AND REHABILITATION ELECTIVE,"Panchik, Daniel",Open,20/20,W (06:00pm-09:00pm) E 362,4
36336,OT 544 - -OT - -A,MENTAL HEALTH AND WELLNESS ELECTIVE,"Ness, Nicole",Open,20/20,W (10:30am-01:30pm) E 362,4
36337,OT 547 - -OT - -A,TOPICS IN PEDIATRICS ELECTIVE,"Mahler, Kelly",Open,20/20,H (09:30am-12:30pm) E 360,4
36338,OT 555 - -OT - -A,PUBLICATION AND GRANT WRITING SEMINAR,"Ericksen, Judy",Open,24/24,T (08:00am-11:00am) N 127,4
36357,OT 555 - -OT - -B,PUBLICATION AND GRANT WRITING SEMINAR,"Ericksen, Judy",Open,25/25,W (02:00pm-05:00pm) E 360,4
36339,OT 590 - -OT - -A,GRADUATE PROJECT PRACTICUM,"Waltermire-Burton, Deborah",Open,10-Oct,By Arrangement,0
36340,OT 590 - -OT - -B,GRADUATE PROJECT PRACTICUM,"Hample, Kerri",Open,10-Oct,By Arrangement,0
36341,OT 590 - -OT - -C,GRADUATE PROJECT PRACTICUM,"Achenbach, Christine",Open,10-Oct,By Arrangement,0
36342,OT 590 - -OT - -D,GRADUATE PROJECT PRACTICUM,"Steadman, Nancy",Open,10-Oct,By Arrangement,0
36343,OT 590 - -OT - -E,GRADUATE PROJECT PRACTICUM,"Dennehy, Terri",Open,10-Oct,By Arrangement,0
36344,OT 590 - -OT - -F,GRADUATE PROJECT PRACTICUM,"Humbert, Tamera",Open,10-Oct,By Arrangement,0
36345,OT 590 - -OT - -G,GRADUATE PROJECT PRACTICUM,"Panchik, Daniel",Open,10-Oct,By Arrangement,0
36346,OT 590 - -OT - -H,GRADUATE PROJECT PRACTICUM,"Potter, Ann Marie",Open,10-Oct,By Arrangement,0
36347,OT 590 - -OT - -I,GRADUATE PROJECT PRACTICUM,"Salvadia, Angela",Open,10-Oct,By Arrangement,0
36348,OT 590 - -OT - -J,GRADUATE PROJECT PRACTICUM,"Hample, Kerri",Open,10-Oct,By Arrangement,0
35844,PCS265 - -9HUM-C-A,HUM NONVIOLENCE IN AMERICA,"Long, Michael",Open,35/35,TH (12:30pm-01:45pm) E 380,4
35845,PCS465 - -PCS - -A,DIRECTED RESEARCH PROJECT IN PEACE AND CONFLICT STUDIES,"Long, Michael",Open,5-May,By Arrangement,4
35846,PCS465 - -PCS - -B,DIRECTED RESEARCH PROJECT IN PEACE AND CONFLICT STUDIES,"Rudy, Jonathan",Open,5-May,By Arrangement,4
35847,PCS465 - -PCS - -C,DIRECTED RESEARCH PROJECT IN PEACE AND CONFLICT STUDIES,"Kenley, David",Open,5-May,By Arrangement,4
36464,PE 100 - -PWB - -A,PILATES AND YOGA,"Gearhart, Gayle",Open,20/20,TH (06:30pm-07:20pm) R BSMT,1
36465,PE 120 - -PWB - -A,AEROBICS,"Gearhart, Gayle",Open,20/20,T (05:00pm-06:20pm) R BSMT,1
36466,PE 120 - -PWB - -B,AEROBICS,"Gearhart, Gayle",Open,20/20,H (05:00pm-06:20pm) R BSMT,1
36467,PE 130 - -PE - -A,INTRODUCTION TO COACHING: A SERVANT LEADERSHIP APPROACH,"Schlosser, Robert",Open,35/35,MW (02:00pm-02:50pm) TH 105,2
36470,PE 135 - -HW - -A,SPORTS MEDICINE,"Dietz, Emily",Open,24/24,TH (09:30am-10:20am) TH 105,2
36468,PE 140 - -PWB - -A,BOWLING,"Staff, PE",Open,30/30,MW (02:00pm-03:20pm) TH BOWL,1
36469,PE 140 - -PWB - -B,BOWLING,"Staff, PE",Open,30/30,TH (02:00pm-03:20pm) TH BOWL,1
36473,PE 171 - -PE - -A,INTRODUCTION TO NUTRITION,"Eisenhauer, Joni",Open,24/24,TH (02:00pm-02:50pm) MU 232,2
36474,PE 172 - -PE - -A,FOOD FOR THOUGHT,"Syrdahl, Kristi",Open,35/35,TH (04:00pm-04:50pm) N 205,2
36471,PE 175 - -PWB - -A,ARCHERY/BADMINTON,"Roderick, Arthur",Open,32/32,MW (12:30pm-01:20pm) TH GYM,1
36472,PE 195 - -PWB - -A,SOCCER,"Roderick, Arthur",Open,32/32,TH (12:30pm-01:20pm) TH GYM,1
36475,PH 110 - -1PLE-C-A,PLE LOGIC AND CRITICAL THINKING,"Poole, Alexandria",Open,16/16,MW (12:30pm-01:50pm) H 112,4
36476,PH 115 - -9HUM-C-A,HUM ETHICS,"Ricci, Gabriel",Open,35/35,TH (02:00pm-03:20pm) ST 114,4
36477,PH 255D- -PPL - -A,ADVANCED ETHICS: ENVIRONMENTAL,"Ricci, Gabriel",Open,35/35,TH (11:00am-12:15pm) N 207,4
36478,PH 275 - -9HUM-C-A,HUM SCIENCE AND VALUES,"Silberstein, Michael",Open,35/35,TH (02:00pm-03:15pm) E 370,4
36479,PH 290 - -PPL - -A,INTRODUCTION TO COGNITIVE SCIENCE (CSC 290),"Staff, No",Cancelled,35/35,,4
36510,PH 370 - -9HUM-C-A,HUM PHILOSOPHY OF THE CITY AND EVERYDAY LIFE,"Poole, Alexandria",Open,20/20,TH (02:00pm-03:20pm) N 234,4
36509,PH 371 - -PPL - -A,PERSPECTIVES IN SUSTAINABILITY,"Poole, Alexandria",Open,12-Dec,TH (09:30am-10:20am) N 212,4
36481,PH 490 - -PPL - -A,SENIOR THESIS IN PHILOSOPHY,"Poole, Alexandria",Open,5-May,By Arrangement,4
36569,PHS201 - -HI - -A,ELIZABETHTOWN HISTORY: CAMPUS AND COMMUNITY (HON 201),"Benowitz, Jean-Paul",Open,24/24,TH (02:00pm-02:50pm) W 001,2
36460,PHS370 - -HI - -A,PUBLIC HERITAGE STUDIES: CURATING THE YOUNG CENTER'S COLLECTION,"Bach, Jeffrey",Open,24/24,TH (11:00am-12:20pm) YC CLSRM,4
36258,PHY102 - -PY - -A,GENERAL PHYSICS II,"Hoffman, Gary",Open,32/32,TH (11:00am-12:20pm) E 270,4
36259,PHY102 -L-PY - -A,GENERAL PHYSICS II LAB,"Hoffman, Gary",Open,18/18,T (02:00pm-03:50pm) E 182,
36260,PHY102 -L-PY - -B,GENERAL PHYSICS II LAB,"Hoffman, Gary",Open,18/18,T (04:00pm-05:50pm) E 182,
36261,PHY201 - -PY - -A,COLLEGE PHYSICS I,"Stuckey, William",Open,25/25,MWF (08:00am-09:20am) E 164,4
36262,PHY201 - -PY - -B,COLLEGE PHYSICS I,"Stuckey, William",Open,30/30,MWF (09:30am-10:50am) E 164,4
36263,PHY201 -L-PY - -A,COLLEGE PHYSICS I LABORATORY,"Staff,",Open,18/18,M (02:00pm-03:50pm) E 163,
36264,PHY201 -L-PY - -B,COLLEGE PHYSICS I LABORATORY,"Staff,",Open,18/18,W (04:00pm-05:50pm) E 163,
36265,PHY201 -L-PY - -C,COLLEGE PHYSICS I LABORATORY,"Staff,",Open,18/18,H (02:00pm-03:50pm) E 163,
36272,PHY221 - -PY - -A,MODERN PHYSICS,"Stuckey, William",Open,20/20,TH (12:30pm-01:50pm) E 182,3
36239,PHY312 - -PY - -A,ELECTROMAGNETISM (EGR312),"Stuckey, William",Open,20/20,TH (08:00am-09:20am) E 182,3
36268,PHY492 - -PY - -A,PHYSICS RESEARCH II,"Stuckey, William",Open,5-May,By Arrangement,2
36482,PP 521 - -PPL - -A,PUBLIC POLICY RESEARCH II: ADVANCED STATISTICS,"Alladin, Terrence",Open,20/20,TH (06:00pm-07:20pm) N 208,4
36483,PP 542 - -PPL - -A,PENNSYLVANIA POLITICS AND POLICY (PS 342),"Bova, William",Open,18/18,W (06:30pm-09:30pm) N 201,4
36486,PP 561 - -PPL - -A,PUBLIC ADMINISTRATION (PS 361),"McClellan, E. Fletcher",Open,20/20,TH (02:00pm-03:20pm) N 230,4
36487,PP 699 - -PPL - -A,MASTER'S THESIS II,"McClellan, E. Fletcher",Open,20/20,By Arrangement,4
36488,PP 699 - -PPL - -B,MASTER'S THESIS II,,Open,20/20,By Arrangement,4
36489,PS 111 - -7SSC-C-A,SSC AMERICAN NATIONAL GOVERNMENT,"McClellan, E. Fletcher",Open,35/35,TH (11:00am-12:20pm) N 228,4
36490,PS 150 - -5NCH-C-A,NCH INTRODUCTION TO COMPARATIVE POLITICS,"Chen, Dan",Open,35/35,MW (12:30pm-01:50pm) N 232,4
36491,PS 150 - -5NCH-C-B,NCH INTRODUCTION TO COMPARATIVE POLITICS,"Chen, Dan",Open,35/35,MW (02:00pm-03:20pm) N 207,4
36492,PS 170 - -PPL - -A,ASIAN POLITICS,"Chen, Dan",Open,24/24,MW (09:30am-10:50am) N 234,4
36493,PS 205 - -4WCH-C-A,WCH WESTERN POLITICAL HERITAGE,"Ricci, Gabriel",Open,35/35,TH (12:30pm-01:50pm) N 228,4
36494,PS 225 - -9HUM-C-A,HUM AMERICAN DEMOCRACY IN FILM AND FICTION,"McClellan, E. Fletcher",Open,20/20,MW (09:30am-10:50am) N 206,4
,PS 225 - -9HUM-C-A,LAB - HUM AMERICAN DEMOCRACY IN FILM AND FICTION,,,,M (03:30pm-06:30pm) ST 114,
36495,PS 230 - -PPL - -A,RESEARCH METHODS,"Kelly Woessner, April",Open,15/15,MF (02:00pm-03:20pm) N 208,4
,PS 230 - -PPL - -A,LAB - RESEARCH METHODS,,,,W (02:00pm-03:20pm) N 208,
36496,PS 245 - -5NCH-C-A,NCH INTERNATIONAL RELATIONS,"Ozkanca, Oya",Open,35/35,TH (09:30am-10:50am) N 232,4
36497,PS 245 - -5NCH-C-B,NCH INTERNATIONAL RELATIONS,"Ozkanca, Oya",Open,35/35,TH (12:30pm-01:50pm) N 207,4
36498,PS 302 - -PPL - -A,MOCK TRIAL II,"Anderson, Travis",Open,15/15,M (06:30pm-07:30pm) N 201,2
36499,PS 302 - -PPL - -B,MOCK TRIAL II,"Anderson, Travis",Open,15/15,M (06:30pm-07:30pm) N 201,0
36511,PS 303 - -PPL - -A,CONSTITUTIONAL LAW I: INSTITUTIONS,"Kopko, Kyle",Open,35/35,TH (09:30am-10:50am) N 210,4
36507,PS 332 - -PPL - -A,MODEL UNITED NATIONS (INT 332),"Ozkanca, Oya",Open,15/15,TH (02:00pm-03:20pm) N 228,4
36484,PS 342 - -PPL - -A,PENNSYLVANIA POLITICS AND POLICY (PP 542),"Bova, William",Open,18/18,W (06:30pm-09:30pm) N 201,4
36485,PS 361 - -PPL - -A,PUBLIC ADMINISTRATION (PP 561),"McClellan, E. Fletcher",Open,20/20,TH (02:00pm-03:20pm) N 230,4
36500,PS 470 - -PPL - -A,INTERNSHIP IN POLITICAL SCIENCE,"Kopko, Kyle",Open,5-May,By Arrangement,4
36501,PS 470 - -PPL - -B,INTERNSHIP IN POLITICAL SCIENCE,"Kelly Woessner, April",Open,5-May,By Arrangement,4
36502,PS 492 - -PPL - -A,RESEARCH IN POLITICAL SCIENCE,"Kopko, Kyle",Open,10-Oct,By Arrangement,4
36503,PS 499 - -PPL - -A,SENIOR THESIS,"McClellan, E. Fletcher",Open,20/20,By Arrangement,4
36504,PS 499 - -PPL - -B,SENIOR THESIS,"Kopko, Kyle",Open,20/20,By Arrangement,4
36505,PS 499 - -PPL - -C,SENIOR THESIS,"Chen, Dan",Open,20/20,By Arrangement,4
36506,PS 499 - -PPL - -D,SENIOR THESIS,"Kelly Woessner, April",Open,20/20,By Arrangement,4
35849,PSY105 - -7SSC-C-A,SSC INTRODUCTION TO PSYCHOLOGY,"MacFarlane, Ian",Open,35/35,MWF (02:00pm-02:50pm) E 270,4
35850,PSY105 - -7SSC-C-B,SSC INTRODUCTION TO PSYCHOLOGY,"Dalton, Elizabeth",Open,35/35,TH (08:00am-09:15am) N 228,4
35851,PSY105 - -7SSC-C-C,SSC INTRODUCTION TO PSYCHOLOGY,"Maswood, Syeda",Open,35/35,MF (12:30pm-01:45pm) N 202,4
35852,PSY125 - -6NPS-C-A,NPS INTRODUCTION TO NEUROSCIENCE,"Lemley, Catherine",Open,35/35,TH (12:30pm-01:45pm) E 270,4
35853,PSY125 - -6NPS-C-B,NPS INTRODUCTION TO NEUROSCIENCE,"Lemley, Catherine",Open,35/35,TH (02:00pm-03:15pm) E 270,4
35873,PSY125 - -6NPS-C-C,NPS INTRODUCTION TO NEUROSCIENCE,"Maswood, Syeda",Open,35/35,MF (11:00am-12:15pm) E 270,4
35854,PSY205 - -PC - -A,CAREER SEMINAR,"MacFarlane, Ian",Open,26/26,F (11:00am-11:50am) N 207,1
35870,PSY230 - -PC - -A,PSYCHOLOGY OF WOMEN AND GENDER,"Smith, T. Evan",Open,35/35,WF (12:30pm-01:45pm) N 205,4
35859,PSY240 - -PC - -A,CHILD AND ADOLESCENT DEVELOPMENT,"Barlett, Natalie",Open,35/35,TH (09:30am-10:45am) H 213,4
35860,PSY240 - -PC - -B,CHILD AND ADOLESCENT DEVELOPMENT,"Barlett, Natalie",Open,35/35,TH (11:00am-12:15pm) H 213,4
35869,PSY245 - -PC - -A,ADULT DEVELOPMENT AND AGING,"Smith, T. Evan",Open,24/24,MW (02:00pm-03:15pm) N 230,4
35858,PSY250 - -PC - -A,PSYCHOPATHOLOGY,"MacFarlane, Ian",Open,35/35,MWF (09:30am-10:20am) E 187,4
35855,PSY285 - -PC - -A,PSYCHOLOGICAL RESEARCH METHODS,"Roy, Michael",Open,24/24,TH (02:00pm-03:15pm) E 382,4
35856,PSY285 -L-PC - -A,PSYCHOLOGICAL RESEARCH METHODS LAB,"Roy, Michael",Open,12-Dec,W (12:00pm-01:45pm) E 260H,
35857,PSY285 -L-PC - -B,PSYCHOLOGICAL RESEARCH METHODS LAB,"Roy, Michael",Open,12-Dec,W (02:00pm-03:45pm) E 187,
35872,PSY315 - -PC - -A,COGNITIVE PSYCHOLOGY,"Lemley, Catherine",Open,20/20,TH (09:30am-10:45am) H 107,4
35867,PSY335 - -PC - -A,APPLIED SOCIAL PSYCHOLOGY,"Roy, Michael",Open,20/20,TH (11:00am-12:15pm) H 114,4
35861,PSY355 - -PC - -A,COUNSELING PSYCHOLOGY,"Dalton, Elizabeth",Open,16/16,MW (12:30pm-01:45pm) E 271D,4
35868,PSY360 - -PC - -A,PSYCHOLOGY OF STRESS,"Dalton, Elizabeth",Open,20/20,TH (12:30pm-01:45pm) N 234,4
35871,PSY440 - -PC - -A,SEMINAR IN DEVELOPMENT,"Smith, T. Evan",Open,12-Dec,WF (09:30am-10:45am) E 380,4
35862,PSY475 - -PC - -A,INTERNSHIP IN PSYCHOLOGY,"MacFarlane, Ian",Open,10-Oct,W (03:30pm-04:45pm) E 280,4
35865,PSY485 - -PC - -A,ADVANCED PSYCHOLOGICAL RESEARCH,"Pretz, Jean",Open,12-Dec,MW (09:30am-10:45am) E 260H,4
35866,PSY485 - -PC - -B,ADVANCED PSYCHOLOGICAL RESEARCH,"MacFarlane, Ian",Open,12-Dec,TH (02:00pm-03:15pm) E 260H,4
35863,PSY490 - -PC - -A,RESEARCH PRACTICUM,"Lemley, Catherine",Open,5-May,By Arrangement,4
36450,REL103 - -9HUM-C-A,HUM RELIGION AND NONVIOLENCE,"Long, Michael",Open,35/35,TH (08:00am-09:15am) E 370,4
36451,REL103 - -9HUM-C-B,HUM RELIGION AND NONVIOLENCE,"Long, Michael",Open,35/35,TH (09:30am-10:45am) E 370,4
36452,REL205 - -7SSC-C-A,SSC SCOPING OUT RELIGIONS: THEORIES AND METHODS,"Sadd, Tracy",Open,20/20,MW (03:30pm-04:45pm) N 202,4
36583,REL214 - -RE - -A,BIBLICAL HEBREW II,"Bucher, Christina",Open,14/14,To Be Announced,4
36453,REL225 - -5NCH-C-A,NCH THE HEBREW BIBLE AND ANCIENT NEAR EAST,"Bucher, Christina",Open,18/18,TH (09:30am-10:45am) N 201,4
36457,REL287 - -RE - -A,THE STORY OF CHRISTIANITY,"Bach, Jeffrey",Open,24/24,MW (09:30am-10:45am) YC CLSRM,4
36454,REL290 - -5NCH-C-A,"NCH DHARMA TRADITIONS: HINDU, BUDDHIST, JAIN, AND SIKH","Long, Jeffery",Open,35/35,MWF (12:30pm-01:45pm) N 228,4
36582,REL331 - -RE - -A,"ETHNICITY, GENDER, AND RELIGION","Bucher, Christina",Open,14/14,TH (02:00pm-03:15pm) W 211,4
36458,REL370 - -RE - -A,PUBLIC HERITAGE STUDIES: CURATING THE YOUNG CENTER COLLECTION,"Bach, Jeffrey",Open,24/24,TH (11:00am-12:20pm) YC CLSRM,4
36459,REL392 - -RE - -A,RELIGION IN CHINA AND JAPAN,"Long, Jeffery",Open,14/14,MWF (02:00pm-03:15pm) W 211,4
36455,REL471 - -RE - -A,INTERNSHIP IN RELIGIOUS STUDIES,"Bucher, Christina",Open,5-May,By Arrangement,4
36456,REL498 - -RE - -A,JUNIOR-SENIOR INDEPENDENT RESEARCH,"Staff,",Open,20/20,By Arrangement,4
36517,SAN331 - -SO - -A,STATISTICAL ANALYSIS,"Kozimor-King, Michele Lee",Open,20/20,TH (02:00pm-03:20pm) N 208,4
36087,SED212 - -ED - -A,LEARNING ENVIRONMENT AND SOCIAL INTRCTN IN INCLSV STGS (MSE 512),"Coyle, H. Elizabeth",Open,20/20,01/14/2019 - 05/10/2019,4
36089,SED222 - -ED - -A,FOUNDATIONS OF INCLUSIVE EDUCATION (MSE 522),"Tyminski, Carroll",Open,28/28,TH (11:00am-12:20pm) N 106,4
36091,SED222 -L-ED - -A,FOUNDATIONS OF INCLUSIVE EDUCATION LABORATORY (MSE 522L),"Tyminski, Carroll",Open,28/28,By Arrangement,
36092,SED224 - -ED - -A,METHODS OF TEACHING STUDENTS WITH HIGH INCIDENCE DISABLT (MSE 524),"Haley-Mize, Leigh Shannon",Open,28/28,MW (12:30pm-01:50pm) N 106,4
36095,SED224 -L-ED - -A,METHODS OF TEACHING STUDENTS W HIGH INCIDENCE DISABLT LAB (MSE 524L),"Finley-Bowman, Rachel",Open,28/28,By Arrangement,
36098,SED230 - -ED - -A,METHODS OF TEACHING STUDENTS W/ LOW INCIDENCE DISABILITIES (MSE 530),"Haley-Mize, Leigh Shannon",Open,24/24,TH (09:30am-10:50am) N 129,4
36518,SO 101 - -7SSC-C-A,SSC DISCOVERING SOCIETY,"Kanagy, Conrad",Open,35/35,TH (08:00am-09:30am) N 210,4
36519,SO 204 - -7SSC-C-A,SSC POPULATION AND GLOBAL ISSUES,"Kozimor-King, Michele Lee",Open,35/35,TH (11:00am-12:20pm) N 127,4
36520,SO 217 - -SO - -A,U.S. CRIMINAL JUSTICE SYSTEM,"Castner, Kris",Open,35/35,H (06:00pm-08:50pm) N 232,4
36521,SO 220 - -SO - -A,RACE AND ETHNIC RELATIONS,"Kanagy, Conrad",Open,25/25,TH (11:00am-12:20pm) N 204,4
36636,SO 305 - -SO - -A,MARRIAGE AND FAMILY (WGS 305),"Kozimor-King, Michele Lee",Open,25/25,WF (02:00pm-03:20pm) N 127,4
36527,SO 317 - -SO - -A,SOCIOLOGY OF RELIGION,"Kanagy, Conrad",Open,15/15,TH (12:30pm-01:50pm) H 112,4
36524,SO 353 - -SO - -A,POLICING IN AMERICA,"Steinhart, Carl",Open,35/35,M (06:30pm-09:15pm) N 207,4
36637,SO 370 - -SO - -A,ETHICS IN THE CRIMINAL JUSTICE SYSTEM,"Cook, Christopher",Open,35/35,T (06:30pm-08:45pm) N 232,4
36525,SO 400 - -SO - -A,SENIOR PROJECT IN SOCIOLOGY,"Kozimor-King, Michele Lee",Open,5-May,By Arrangement,2
36526,SO 471 - -SO - -A,INTERNSHIP IN SOCIOLOGY,"Kozimor-King, Michele Lee",Open,10-Oct,By Arrangement,4
36008,SP 111 - -2PLO-C-A,PLO ELEMENTARY SPANISH I,"Barnada, Kurt",Open,24/24,MWF (09:30am-10:40am) H 114,4
36009,SP 112 - -2PLO-C-A,PLO ELEMENTARY SPANISH II,"Barnada, Kurt",Open,24/24,MWF (02:00pm-03:10pm) N 210,4
36021,SP 170 - -2PLO- -A,PLO SPANISH FOR HERITAGE SPEAKERS,"Linares-Farras, Montserrat",Open,8-Aug,MWF (02:00pm-03:10pm) W 304,4
36010,SP 211 - -2PLO-C-A,PLO INTERMEDIATE SPANISH I,"Lorenzen, Charla",Open,24/24,MWF (09:30am-10:40am) N 210,4
36011,SP 211 - -2PLO-C-B,PLO INTERMEDIATE SPANISH I,"Lorenzen, Charla",Open,24/24,MWF (12:30pm-01:40pm) N 234,4
36012,SP 212 - -2PLO-C-A,PLO INTERMEDIATE SPANISH II,"Linares-Farras, Montserrat",Open,24/24,MWF (12:30pm-01:40pm) N 230,4
36013,SP 305 - -ML - -A,SPANISH CONVERSATION,"Linares-Farras, Montserrat",Open,14/14,MW (03:30pm-04:50pm) N 230,4
36014,SP 319 - -ML - -A,SPANISH LINGUISTICS,"Barnada, Kurt",Open,16/16,MWF (12:30pm-01:40pm) N 212,4
36022,SP 371 - -ML - -A,SPANISH THROUGH CURRENT EVENTS,"Lorenzen, Charla",Open,12-Dec,T (11:00am-12:20pm) W 304,2
36023,SP 372 - -ML - -A,SPANISH THROUGH SOCIAL MEDIA,"Lorenzen, Charla",Open,10-Oct,H (11:00am-12:20pm) W 304,2
36015,SP 496 - -ML - -A,SPANISH SENIOR RESEARCH PROJECT I,"Linares-Farras, Montserrat",Open,10-Oct,By Arrangement,2
36630,SP 496 - -ML - -B,SPANISH SENIOR RESEARCH PROJECT I,"Barnada, Kurt",Open,10-Oct,By Arrangement,2
36632,SP 496 - -ML - -C,SPANISH SENIOR RESEARCH PROJECT I,"Lorenzen, Charla",Open,10-Oct,By Arrangement,2
36016,SP 497 - -ML - -A,SPANISH SENIOR RESEARCH PROJECT II,"Linares-Farras, Montserrat",Open,10-Oct,By Arrangement,2
36017,SP 497 - -ML - -B,SPANISH SENIOR RESEARCH PROJECT II,"Lorenzen, Charla",Open,10-Oct,By Arrangement,2
36631,SP 497 - -ML - -C,SPANISH SENIOR RESEARCH PROJECT II,"Barnada, Kurt",Open,10-Oct,By Arrangement,2
36126,SW 160 - -7SSC-C-A,SSC SOCIAL PROBLEMS AND RESPONSE OF SOCIAL WELFARE INSTITUTIONS,"Haffejee, Badiah",Open,35/35,TH (11:00am-12:20pm) N 205,4
36127,SW 233 - -SW - -A,HUMAN BEHAVIOR IN THE SOCIAL ENVIRONMENT,"Riley-Behringer, Maureen",Open,25/25,MW (09:30am-10:50am) N 205,4
36128,SW 280 - -SW - -A,MULTICULTURAL COUNSELING SKILLS,"Dunlap, Andrew",Open,25/25,TH (09:30am-10:50am) N 205,4
36652,SW 345 - -SW - -A,INTERNATIONAL SOCIAL FIELD WORK PREPARATION,"Mapp, Susan",Open,18/18,W (10:00am-10:50am) N 212,1
36136,SW 346 - -SW - -A,EXPLORING THE CULTURE AND SERVICES OF VIETNAM,"Riley-Behringer, Maureen",Open,20/20,M (05:00pm-07:00pm) N 205,2
36580,SW 360 - -SW - -A,INTERNATIONAL SOCIAL DEVELOPMENT,"Mapp, Susan",Open,25/25,MW (02:00pm-03:20pm) N 205,4
36129,SW 368 - -SW - -A,GENERALIST SW PRACTICE II: FAMILIES AND SMALL GROUPS,"Teter, Heather",Open,25/25,T (05:30pm-08:15pm) N 205,4
36130,SW 369 - -SW - -A,GENERALIST SW PRACTICE III: COMMUNITIES AND ORGANIZATIONS,"Haffejee, Badiah",Open,25/25,TH (02:00pm-03:20pm) N 205,4
36137,SW 370 - -SW - -A,EXPLORING LGBTQ EXPERIENCES,"Dunlap, Andrew",Open,18/18,TH (11:00am-12:20pm) N 212,4
36131,SW 380 - -SW - -A,SOCIAL POLICY,"Riley-Behringer, Maureen",Open,24/24,TH (12:30pm-01:50pm) N 205,4
36132,SW 400 - -SW - -A,SENIOR PROJECT IN SOCIAL WORK,"Mapp, Susan",Open,5-May,By Arrangement,2
36133,SW 471 - -SW - -A,FIELD INSTRUCTION II,"Haffejee, Badiah",Open,12-Dec,M (08:30am-09:20am) W 304,12
36134,SW 471 - -SW - -B,FIELD INSTRUCTION II,"Riley-Behringer, Maureen",Open,20/20,M (08:30am-09:20am) N 129,12
36135,SW 498 - -SW - -A,SENIOR SEMINAR IN SOCIAL WORK,"Mapp, Susan",Open,12-Dec,M (09:30am-12:20pm) W 204,4
35983,TH 105 - -9HUM-C-A,HUM INTRODUCTION TO THEATRE,"Wolf-Spencer, Richard",Open,35/35,MWF (09:30am-10:45am) N 228,4
35984,TH 165 - -3CE -C-A,CE BASIC ACTING,"Mastrobuono, Theresa",Open,24/24,MWF (12:30pm-01:45pm) BSC TEMP,4
35986,TH 235 - -FP - -A,VOICE FOR THE ACTOR,"Swanson, Michael",Open,35/35,TH (11:00am-12:20pm) BSC TEMP,3
35992,TH 310 - -FP - -A,THEATRE HISTORY,"Swanson, Michael",Open,20/20,MWF (02:00pm-03:20pm) N 206,4
35987,TH 315 - -FP - -A,ADVANCED STAGECRAFT,"Wolf-Spencer, Richard",Open,35/35,TH (09:30am-10:50am) BSC TEMP,3
35988,TH 350 - -FP - -A,DESIGN AND PRODUCTION PRACTICUM,"Wolf-Spencer, Richard",Open,25/25,By Arrangement,1
35989,TH 360 - -FP - -A,PERFORMANCE PRACTICUM,"Swanson, Michael",Open,25/25,By Arrangement,1
35990,TH 405 - -FP - -A,SENIOR PROJECT IN THEATRE,"Wolf-Spencer, Richard",Open,10-Oct,By Arrangement,2
35991,TH 405 - -FP - -B,SENIOR PROJECT IN THEATRE,"Swanson, Michael",Open,10-Oct,By Arrangement,2
35933,WGS105 - -7SSC-C-A,SSC SEX AND GENDER IN SOCIETY,"Hopkins, Dori",Open,35/35,T (03:30pm-06:20pm) N 207,4
36523,WGS305 - -WGS - -A,MARRIAGE AND FAMILY (SO 305),"Kozimor-King, Michele Lee",Open,25/25,WF (02:00pm-03:20pm) N 127,4